编号,姓名,昵称,船票,学分,大区,城市
1,王芳,王芳_614,656,1810,华中,武汉
2,吴静,吴静_413,683,2919,华南,珠海
3,张辉Tech,张辉Tech,564,3257,华东,南昌
4,吴娜Tech,吴娜Tech_906,725,1972,西北,银川
5,王丽@AI,王丽@AI_196,623,2568,华东,济南
6,孙芳,孙芳,501,1590,华南,南宁
7,高强Tech,高强Tech_269,583,2393,西北,西宁
8,孙峰,孙峰,680,1694,西北,西安
9,吴燕,吴燕_879,979,3437,华北,呼和浩特
10,高丽,高丽_658,885,2463,西北,银川
11,何霞,何霞_866,150,1612,华北,北京
12,张明_Pro,张明_Pro,778,2483,华北,太原
13,吴伟,吴伟,795,3168,西北,西安
14,黄磊,黄磊_528,760,2354,西北,西宁
15,黄涛,黄涛,778,2471,华中,郑州
16,吴峰,吴峰_792,727,3358,华南,广州
17,王洋,王洋,920,2083,华中,南昌
18,张敏,张敏,634,2952,西北,西安
19,高军,高军,990,2948,华南,海口
20,刘军,刘军,365,2019,华东,上海
21,徐静,徐静,581,3361,华北,石家庄
22,马明2024,马明2024_290,799,1613,西北,西宁
23,孙峰,孙峰_565,917,2862,西北,银川
24,何霞_Pro,何霞_Pro_499,257,2623,东北,长春
25,胡杰,胡杰_598,326,1788,华南,南宁
26,吴洋,吴洋,785,2603,东北,哈尔滨
27,王明,王明,446,3220,华东,南昌
28,杨燕,杨燕,422,3233,西北,西安
29,王磊,王磊,585,2317,东北,长春
30,马伟,马伟,491,1702,东北,大连
31,李静@AI,李静@AI,463,2639,西南,贵阳
32,徐涛,徐涛_786,724,2369,华北,天津
33,何丽,何丽_680,169,1872,西北,银川
34,徐辉,徐辉,339,3029,西南,贵阳
35,刘强@AI,刘强@AI,270,2939,华中,武汉
36,林娜,林娜,276,1576,东北,长春
37,刘峰,刘峰_710,459,1738,华南,海口
38,徐丽,徐丽_385,453,1977,华南,珠海
39,陈涛Tech,陈涛Tech_760,120,1884,华东,济南
40,高丽,高丽,699,2458,东北,沈阳
41,赵强DISC,赵强DISC_964,549,2502,西北,兰州
42,吴鹏,吴鹏_492,326,2613,华东,合肥
43,孙丽,孙丽,515,1501,华北,石家庄
44,高杰,高杰,359,1589,东北,哈尔滨
45,胡勇,胡勇,425,1734,西北,西宁
46,刘静,刘静,770,3077,东北,沈阳
47,何强DISC,何强DISC,800,3349,华中,长沙
48,徐敏,徐敏,272,2183,西南,成都
49,高鹏Tech,高鹏Tech_253,944,2862,华东,上海
50,吴静,吴静,180,3452,华中,长沙
51,周洋2024,周洋2024,688,3270,华东,上海
52,孙霞,孙霞,908,3481,西南,拉萨
53,林敏,林敏_195,233,1875,华中,郑州
54,李强,李强,376,3136,华北,太原
55,刘鹏,刘鹏,438,2969,西北,西宁
56,杨勇,杨勇_739,580,2948,东北,沈阳
57,郭峰,郭峰,828,2505,东北,沈阳
58,张丽,张丽,843,3443,华南,佛山
59,李燕,李燕_123,392,3418,西南,重庆
60,马娜,马娜_533,791,2076,华中,长沙
61,杨鹏,杨鹏_619,635,1820,华东,杭州
62,郭勇,郭勇_602,164,1793,华中,郑州
63,郭敏,郭敏_467,618,2490,东北,长春
64,王芳@AI,王芳@AI,786,2593,华北,天津
65,马勇,马勇,724,2486,华中,长沙
66,王娜_Pro,王娜_Pro,347,2543,华北,太原
67,李磊,李磊_394,953,3195,西北,乌鲁木齐
68,赵明DISC,赵明DISC_986,270,2610,华中,武汉
69,赵霞,赵霞,458,3201,华中,长沙
70,何磊,何磊,508,3451,东北,沈阳
71,李明,李明_517,898,1782,华北,呼和浩特
72,林涛,林涛_430,264,3138,华中,武汉
73,何娜@AI,何娜@AI,625,2779,华东,济南
74,刘勇,刘勇_365,836,2964,华中,武汉
75,李明,李明,886,1831,华东,杭州
76,朱霞,朱霞,178,3053,西北,兰州
77,林杰,林杰_483,903,1818,东北,哈尔滨
78,刘芳_Pro,刘芳_Pro,328,2257,华中,武汉
79,张杰,张杰_867,747,3256,华北,呼和浩特
80,马海_Pro,马海_Pro,458,2089,西南,贵阳
81,赵霞DISC,赵霞DISC_291,926,1780,华中,南昌
82,朱燕Tech,朱燕Tech_404,451,2269,西南,昆明
83,陈伟,陈伟,397,2835,华北,呼和浩特
84,刘燕2024,刘燕2024_396,414,2728,西北,西宁
85,李峰_Pro,李峰_Pro,498,3470,西南,昆明
86,马敏_Pro,马敏_Pro,629,3007,华南,珠海
87,胡洋2024,胡洋2024,383,2020,华南,南宁
88,马芳,马芳_153,194,3473,华中,南昌
89,胡强,胡强_370,973,2028,华北,北京
90,朱丽,朱丽,643,3300,华北,太原
91,王洋DISC,王洋DISC_664,996,1890,西南,贵阳
92,朱燕,朱燕_261,907,3440,华南,广州
93,赵娜,赵娜,884,2798,西北,西宁
94,周静,周静_902,767,3443,东北,沈阳
95,林敏,林敏,749,3162,华北,呼和浩特
96,何芳DISC,何芳DISC_159,711,2906,西南,昆明
97,郭芳,郭芳_723,461,1995,华南,海口
98,刘辉,刘辉_560,508,3422,华北,呼和浩特
99,杨强,杨强_442,995,3182,西南,昆明
100,朱明,朱明_659,625,3381,西北,银川
101,赵海2024,赵海2024,702,1543,华北,天津
102,罗敏,罗敏_405,822,1643,华东,南京
103,林敏Tech,林敏Tech_346,795,1202,东北,长春
104,郭峰Tech,郭峰Tech_228,621,2167,华南,广州
105,王娜Tech,王娜Tech,198,1665,华南,海口
106,周伟2024,周伟2024_636,652,1575,西南,成都
107,黄峰,黄峰,206,1352,西南,拉萨
108,刘辉Tech,刘辉Tech_512,551,952,华北,北京
109,张强@AI,张强@AI,511,1850,东北,哈尔滨
110,高霞2024,高霞2024,978,2006,东北,长春
111,何鹏,何鹏_635,586,1037,东北,哈尔滨
112,杨娜_Pro,杨娜_Pro_361,332,2300,西北,兰州
113,吴勇,吴勇,881,1878,西南,昆明
114,李伟,李伟,769,1356,东北,长春
115,何杰,何杰,387,2035,西北,西安
116,王洋,王洋,311,1047,华北,呼和浩特
117,吴燕,吴燕_710,806,1638,西北,西安
118,罗峰2024,罗峰2024,205,2016,华南,深圳
119,郭海,郭海,641,2377,华北,太原
120,马涛DISC,马涛DISC_357,513,1429,华南,海口
121,陈涛,陈涛,410,2095,华北,呼和浩特
122,陈娜,陈娜,267,2372,华南,深圳
123,李丽,李丽_401,292,956,华南,珠海
124,朱海2024,朱海2024_346,417,936,东北,沈阳
125,徐辉,徐辉,594,2429,西南,昆明
126,陈燕,陈燕,297,2396,西南,拉萨
127,马丽2024,马丽2024,805,2487,东北,哈尔滨
128,马海@AI,马海@AI_154,896,1861,西南,拉萨
129,李军DISC,李军DISC,923,1647,东北,哈尔滨
130,郭涛DISC,郭涛DISC,488,882,华南,南宁
131,刘涛,刘涛,149,1622,华东,杭州
132,杨海,杨海_743,995,1583,西南,贵阳
133,张娜,张娜,913,2280,华北,天津
134,孙海,孙海_180,366,1247,东北,长春
135,徐伟,徐伟,825,2245,华南,广州
136,林芳@AI,林芳@AI,433,1516,西北,银川
137,郭洋DISC,郭洋DISC_691,912,2273,华南,珠海
138,何芳_Pro,何芳_Pro,856,1352,华北,北京
139,黄辉,黄辉,843,1919,东北,沈阳
140,刘强,刘强_538,269,1833,华北,北京
141,陈丽,陈丽_546,133,2277,华东,合肥
142,张杰,张杰_140,626,2247,华北,天津
143,朱燕,朱燕_978,910,2357,华中,南昌
144,罗敏,罗敏_246,321,1609,西南,贵阳
145,徐明,徐明,385,1192,东北,沈阳
146,孙海,孙海_750,970,1008,华东,南昌
147,林洋DISC,林洋DISC_332,991,1784,华中,长沙
148,杨伟,杨伟,736,1175,西北,西宁
149,赵丽,赵丽,108,1243,西南,成都
150,杨霞Tech,杨霞Tech_204,119,1528,西南,昆明
151,高敏,高敏,107,1252,西北,兰州
152,吴鹏DISC,吴鹏DISC_672,157,1020,西南,昆明
153,陈勇,陈勇_902,314,1312,华南,海口
154,郭磊DISC,郭磊DISC,840,2042,东北,长春
155,杨明,杨明,941,2298,华东,上海
156,黄勇Tech,黄勇Tech_790,440,1605,东北,哈尔滨
157,高海2024,高海2024_579,116,1215,西北,西安
158,林明,林明,912,1903,华中,南昌
159,胡丽_Pro,胡丽_Pro,309,1027,西北,西安
160,张明,张明_979,195,1491,华北,北京
161,王勇,王勇,640,1126,华中,武汉
162,刘涛,刘涛,863,1316,东北,大连
163,黄洋,黄洋_656,242,1749,西南,成都
164,李伟,李伟_264,345,1505,西南,拉萨
165,陈海,陈海_195,675,1228,华南,珠海
166,林娜,林娜_789,784,1735,华南,珠海
167,王静,王静_209,606,2022,华东,福州
168,张娜_Pro,张娜_Pro_959,415,2144,东北,沈阳
169,胡伟@AI,胡伟@AI,669,1186,西南,成都
170,马敏,马敏_901,999,2114,华北,北京
171,马军,马军,247,1425,东北,长春
172,罗伟,罗伟_128,893,1319,华中,长沙
173,周静2024,周静2024_397,358,2304,西南,成都
174,高丽@AI,高丽@AI,185,2073,西北,兰州
175,陈磊,陈磊_174,994,927,华南,广州
176,孙伟DISC,孙伟DISC,161,834,华北,太原
177,李勇,李勇,104,1237,西南,贵阳
178,林明,林明,427,1958,华东,上海
179,林鹏,林鹏_620,804,1803,东北,长春
180,赵强Tech,赵强Tech,807,2112,华东,合肥
181,林辉,林辉_688,122,1731,华东,南京
182,高霞,高霞_381,924,2258,华北,呼和浩特
183,马丽,马丽_303,998,1517,东北,哈尔滨
184,徐涛,徐涛,508,1498,华北,呼和浩特
185,黄鹏,黄鹏,108,852,华北,天津
186,黄杰@AI,黄杰@AI_383,950,2253,华东,合肥
187,赵芳,赵芳_752,460,2155,华北,石家庄
188,朱军,朱军_565,701,2113,华北,北京
189,周静,周静_600,535,1638,东北,长春
190,张鹏,张鹏,401,1062,西北,兰州
191,孙海,孙海_580,336,1175,华东,南昌
192,罗丽Tech,罗丽Tech,474,1469,东北,大连
193,张敏,张敏,377,988,华中,武汉
194,赵勇,赵勇_662,795,2074,华中,郑州
195,胡杰,胡杰,591,1680,东北,沈阳
196,高洋,高洋_976,341,2169,东北,大连
197,杨磊,杨磊,727,1006,西南,成都
198,林峰,林峰_148,456,1742,西南,贵阳
199,罗辉,罗辉_918,908,1475,华北,石家庄
200,吴娜,吴娜,580,1485,西南,重庆
201,高洋,高洋_579,872,1101,华南,海口
202,陈军Tech,陈军Tech_268,297,1870,华南,佛山
203,王辉,王辉,219,1478,华东,杭州
204,高军,高军_289,539,1941,华北,天津
205,孙辉Tech,孙辉Tech_290,721,2202,华东,南京
206,胡辉,胡辉,897,1504,华北,北京
207,罗勇,罗勇,287,1799,华南,广州
208,林燕Tech,林燕Tech_281,399,1550,华北,北京
209,黄辉,黄辉,553,1780,西北,西安
210,徐静Tech,徐静Tech_937,461,1700,华中,武汉
211,杨磊2024,杨磊2024_489,451,1543,西北,西宁
212,陈洋,陈洋_664,817,2322,华东,南京
213,徐芳,徐芳_933,324,1949,西北,兰州
214,张明Tech,张明Tech_943,964,2146,西北,西宁
215,高鹏,高鹏,526,851,华南,广州
216,赵海,赵海_669,363,869,华中,郑州
217,孙芳,孙芳_832,722,1627,华北,太原
218,林洋,林洋_647,865,1641,西南,成都
219,刘芳Tech,刘芳Tech_253,111,2348,西南,重庆
220,高丽,高丽,688,1975,华东,福州
221,孙洋@AI,孙洋@AI,228,1168,华中,武汉
222,郭鹏,郭鹏,532,2134,西南,昆明
223,张洋,张洋,872,2204,东北,哈尔滨
224,王杰,王杰,985,2129,华东,杭州
225,徐峰,徐峰_720,711,1168,西南,贵阳
226,王伟,王伟_740,438,1688,华北,石家庄
227,刘强,刘强,995,1007,东北,长春
228,林杰,林杰,205,1927,华中,郑州
229,陈鹏,陈鹏,656,1887,华中,长沙
230,孙海Tech,孙海Tech,648,2241,华北,呼和浩特
231,孙伟,孙伟,186,2025,东北,大连
232,朱芳Tech,朱芳Tech,643,862,东北,哈尔滨
233,黄鹏,黄鹏_720,451,1679,西南,重庆
234,朱娜,朱娜,295,1608,西南,贵阳
235,朱芳,朱芳_837,841,2499,东北,大连
236,郭磊,郭磊,673,2347,东北,大连
237,杨燕_Pro,杨燕_Pro_449,383,1901,华南,深圳
238,王海DISC,王海DISC_434,319,964,东北,哈尔滨
239,罗磊_Pro,罗磊_Pro_620,700,1806,西北,西安
240,张杰,张杰,238,1874,西北,西安
241,孙霞,孙霞_834,947,1660,华南,佛山
242,陈敏,陈敏,923,2484,西南,贵阳
243,马敏,马敏_671,256,809,西南,成都
244,高敏@AI,高敏@AI,293,1247,东北,沈阳
245,赵燕,赵燕,347,2249,西北,兰州
246,何娜,何娜,529,1590,华南,海口
247,周辉@AI,周辉@AI_535,591,835,西北,银川
248,杨丽,杨丽,509,1067,华中,郑州
249,孙军_Pro,孙军_Pro,361,1439,华北,北京
250,罗勇,罗勇_536,431,1293,华南,海口
251,罗峰,罗峰,309,2496,华北,呼和浩特
252,孙伟,孙伟,152,927,东北,哈尔滨
253,胡霞,胡霞,503,903,西南,重庆
254,胡涛,胡涛,907,2354,华北,天津
255,郭磊2024,郭磊2024_153,845,1326,西南,昆明
256,张明,张明,167,2159,华东,杭州
257,刘洋_Pro,刘洋_Pro,324,1953,西南,贵阳
258,吴海,吴海_746,763,2313,西北,西宁
259,朱辉Tech,朱辉Tech_623,946,821,西南,拉萨
260,高军,高军,157,2493,西北,银川
261,刘敏,刘敏_590,785,1569,华南,深圳
262,张敏,张敏,402,1701,东北,哈尔滨
263,陈霞,陈霞,971,1677,华中,武汉
264,张霞,张霞,133,1703,华中,南昌
265,周洋DISC,周洋DISC_885,789,2046,华南,南宁
266,孙燕,孙燕,454,2128,华南,广州
267,马洋@AI,马洋@AI_135,713,814,华中,南昌
268,赵芳,赵芳_231,234,1993,华南,海口
269,陈海,陈海_689,780,2018,华中,长沙
270,赵静,赵静,976,2381,西南,贵阳
271,徐涛,徐涛_660,898,2377,西南,成都
272,朱丽,朱丽,629,2090,华中,长沙
273,林磊2024,林磊2024_896,920,2368,西北,西宁
274,王燕,王燕,143,2426,华中,长沙
275,赵伟,赵伟_109,449,2056,华东,济南
276,林敏,林敏_904,201,927,西南,重庆
277,杨燕,杨燕_924,526,1348,华中,武汉
278,孙燕,孙燕_353,485,2014,西南,贵阳
279,朱磊,朱磊_727,155,904,华东,南昌
280,孙娜Tech,孙娜Tech_841,176,2138,华北,天津
281,赵军,赵军_291,264,1851,西北,银川
282,何芳Tech,何芳Tech_434,328,2360,东北,大连
283,张鹏Tech,张鹏Tech_969,424,2448,华北,石家庄
284,刘磊DISC,刘磊DISC,898,1391,华中,长沙
285,周伟,周伟,550,1555,华北,北京
286,罗杰,罗杰_289,713,1181,东北,沈阳
287,张强,张强,443,1086,华南,深圳
288,胡伟,胡伟_390,457,2367,华北,石家庄
289,孙明,孙明,981,855,东北,哈尔滨
290,陈磊,陈磊,299,2127,西北,兰州
291,郭军,郭军_196,341,933,东北,哈尔滨
292,朱海,朱海,629,1333,华中,长沙
293,王敏,王敏_231,909,1303,西北,兰州
294,周杰,周杰_270,107,1273,西北,西宁
295,何霞,何霞,898,2102,华南,珠海
296,高敏,高敏,654,1689,华南,海口
297,杨峰,杨峰,476,1018,华东,福州
298,杨敏,杨敏,473,938,西北,银川
299,胡磊,胡磊,664,2446,华南,南宁
300,林娜,林娜_888,137,2352,华东,合肥
301,杨娜,杨娜,230,1433,华东,合肥
302,周辉@AI,周辉@AI,647,2214,华南,海口
303,王明DISC,王明DISC_527,705,829,东北,大连
304,孙磊,孙磊_732,143,1416,华东,杭州
305,胡静Tech,胡静Tech_877,313,1610,华北,北京
306,王磊,王磊_258,115,2296,华东,杭州
307,李敏,李敏,922,2094,华中,郑州
308,张静DISC,张静DISC,296,2040,华南,珠海
309,刘燕,刘燕,479,987,西南,贵阳
310,陈敏,陈敏,569,2479,东北,沈阳
311,郭燕,郭燕_161,760,1219,华北,北京
312,张辉,张辉,813,1461,华东,济南
313,刘明,刘明_863,315,1024,华北,太原
314,孙芳,孙芳,902,2216,华东,福州
315,胡丽_Pro,胡丽_Pro,300,2094,东北,大连
316,何强,何强,560,2421,华中,长沙
317,林静,林静_250,759,963,华北,太原
318,林霞_Pro,林霞_Pro_665,313,1813,华东,济南
319,林军2024,林军2024_673,591,1962,华中,南昌
320,林鹏,林鹏,523,2145,西北,西宁
321,何海,何海_128,857,801,东北,大连
322,黄明,黄明,778,925,西北,乌鲁木齐
323,高燕,高燕,260,1544,华东,合肥
324,张洋DISC,张洋DISC_427,133,1175,华东,上海
325,郭强DISC,郭强DISC_932,344,2429,东北,哈尔滨
326,高敏,高敏_434,891,1342,东北,长春
327,胡辉,胡辉_471,843,837,华东,福州
328,罗芳2024,罗芳2024_350,823,1465,华东,合肥
329,杨杰,杨杰_229,696,1856,东北,长春
330,陈燕,陈燕_707,636,1236,华中,南昌
331,高洋Tech,高洋Tech,541,847,华东,济南
332,李涛,李涛,797,2421,东北,沈阳
333,刘芳,刘芳_730,451,820,华东,合肥
334,何娜,何娜_954,376,2222,华中,武汉
335,黄鹏,黄鹏_398,792,1300,华北,天津
336,刘勇Tech,刘勇Tech,306,1165,华北,太原
337,朱霞,朱霞_715,765,2315,华中,长沙
338,吴军,吴军_432,468,1348,华北,北京
339,孙娜,孙娜_952,857,969,华中,武汉
340,马明,马明_294,765,1108,西北,西宁
341,张强,张强_180,399,1913,华东,济南
342,陈洋,陈洋_951,723,1304,西北,银川
343,郭燕,郭燕,674,2180,西北,乌鲁木齐
344,高军,高军,277,2314,东北,大连
345,孙明,孙明,364,2348,华北,太原
346,刘伟,刘伟_109,894,1247,西南,贵阳
347,高峰,高峰,231,2056,西北,西安
348,王丽DISC,王丽DISC_668,794,2091,华北,石家庄
349,胡静,胡静_136,728,1473,华南,珠海
350,王磊,王磊_677,112,2256,华中,南昌
351,郭芳,郭芳,539,861,华中,武汉
352,刘丽,刘丽,698,1765,西南,贵阳
353,高军@AI,高军@AI_447,680,1856,华北,太原
354,林芳,林芳_100,784,1046,华北,太原
355,朱娜Tech,朱娜Tech,383,1819,西南,贵阳
356,罗明,罗明_197,348,2429,东北,沈阳
357,朱燕,朱燕,189,1847,华中,南昌
358,周强,周强,919,1619,西北,银川
359,胡敏,胡敏_262,228,1542,华东,济南
360,高敏,高敏_766,512,2450,华东,福州
361,马磊,马磊_685,211,1324,西北,西宁
362,陈涛,陈涛_400,306,2132,东北,大连
363,吴勇,吴勇,853,1999,华北,太原
364,王鹏DISC,王鹏DISC_410,547,2191,华北,呼和浩特
365,吴军@AI,吴军@AI_711,639,1081,华南,佛山
366,赵杰,赵杰,711,2143,华南,南宁
367,黄峰,黄峰_841,153,1990,华中,长沙
368,王峰DISC,王峰DISC_590,382,2141,华中,郑州
369,周丽Tech,周丽Tech_863,193,1180,东北,大连
370,孙娜,孙娜,778,2241,华南,南宁
371,罗海Tech,罗海Tech_281,195,1874,华东,合肥
372,孙明,孙明,530,837,华北,北京
373,吴洋,吴洋,259,1083,西南,拉萨
374,罗磊@AI,罗磊@AI,668,1946,华中,南昌
375,王洋,王洋_470,580,2457,华北,石家庄
376,刘洋Tech,刘洋Tech_743,170,844,华南,南宁
377,李杰,李杰_849,266,1646,华中,南昌
378,刘静,刘静_780,876,1300,西南,成都
379,杨明,杨明_104,368,1146,华中,武汉
380,刘丽,刘丽,424,1277,华中,长沙
381,张军,张军,495,1333,西南,重庆
382,黄静,黄静,740,2116,西南,拉萨
383,朱峰,朱峰_656,397,1875,华中,南昌
384,高洋DISC,高洋DISC,970,1758,东北,大连
385,孙强Tech,孙强Tech_257,647,1994,华中,南昌
386,林辉,林辉_185,430,1556,华北,石家庄
387,郭军,郭军_963,451,1232,华南,深圳
388,徐海,徐海,581,2443,华中,南昌
389,林峰,林峰_422,148,1669,西北,兰州
390,吴海,吴海_464,891,1004,东北,长春
391,赵鹏2024,赵鹏2024_477,980,2208,西南,昆明
392,刘辉,刘辉,656,892,华南,广州
393,胡丽,胡丽,947,2235,东北,哈尔滨
394,杨强DISC,杨强DISC_734,552,1016,华中,长沙
395,朱鹏,朱鹏,545,1457,西北,乌鲁木齐
396,刘强,刘强_805,247,1652,华东,济南
397,胡敏,胡敏,991,2310,西南,成都
398,王娜,王娜_475,397,1995,华中,长沙
399,赵强,赵强_406,741,1108,东北,大连
400,何峰,何峰_371,934,952,华北,太原
401,林海,林海,372,2011,西北,银川
402,徐娜Tech,徐娜Tech,119,1176,西北,银川
403,杨伟,杨伟,898,1433,西南,成都
404,杨娜,杨娜_706,594,1895,西北,兰州
405,徐杰,徐杰_100,822,1932,东北,长春
406,郭丽,郭丽_234,196,1689,华中,南昌
407,杨磊,杨磊,309,1363,西南,成都
408,罗丽Tech,罗丽Tech_308,725,1246,华东,上海
409,刘静,刘静_853,844,2108,华中,武汉
410,罗丽,罗丽_226,390,1747,华北,太原
411,郭芳DISC,郭芳DISC,831,1947,西南,成都
412,林涛,林涛_877,524,2148,华南,海口
413,黄伟,黄伟,724,1575,华北,太原
414,刘涛,刘涛_804,757,1766,华中,长沙
415,朱洋@AI,朱洋@AI,725,1927,西北,银川
416,李峰,李峰_361,508,935,华东,杭州
417,黄辉_Pro,黄辉_Pro_574,999,1822,华南,广州
418,杨辉DISC,杨辉DISC_266,481,2060,东北,大连
419,郭杰@AI,郭杰@AI_788,836,2155,西北,西宁
420,王敏,王敏_465,277,1908,华南,南宁
421,赵娜,赵娜,473,925,华东,南昌
422,李军DISC,李军DISC_512,456,2210,西南,昆明
423,孙静2024,孙静2024,977,1481,华中,武汉
424,张丽,张丽,900,1359,华北,北京
425,何杰@AI,何杰@AI,193,2189,西南,成都
426,陈鹏Tech,陈鹏Tech_411,144,2484,西南,昆明
427,杨勇Tech,杨勇Tech_461,234,1233,华东,南京
428,马涛DISC,马涛DISC_174,177,1031,西南,拉萨
429,孙涛Tech,孙涛Tech,861,1305,华北,北京
430,周静Tech,周静Tech,584,1556,东北,大连
431,孙敏2024,孙敏2024,335,2414,华北,天津
432,张辉DISC,张辉DISC_423,506,1583,华北,呼和浩特
433,徐芳@AI,徐芳@AI,275,2032,华中,南昌
434,马娜,马娜_655,324,1651,华东,济南
435,赵燕,赵燕,654,1743,西南,贵阳
436,张涛,张涛,374,1415,西南,昆明
437,罗强,罗强_907,682,845,华东,济南
438,刘勇,刘勇,826,2042,华中,郑州
439,杨辉,杨辉_315,477,1900,东北,沈阳
440,何娜@AI,何娜@AI_655,600,2218,东北,哈尔滨
441,朱燕@AI,朱燕@AI_588,835,1999,东北,大连
442,张磊@AI,张磊@AI_575,224,2085,东北,长春
443,朱海2024,朱海2024,780,2051,华南,南宁
444,胡军,胡军_204,795,1452,西北,乌鲁木齐
445,王涛,王涛_713,475,2425,华东,南京
446,林洋,林洋,315,2035,东北,长春
447,林芳,林芳,120,2234,西北,银川
448,黄鹏,黄鹏,498,1418,华东,杭州
449,罗霞,罗霞_707,800,2300,华东,杭州
450,孙辉,孙辉,122,869,华南,广州
451,何丽,何丽_888,959,1768,华东,福州
452,何燕2024,何燕2024_478,484,1043,东北,长春
453,徐杰,徐杰,996,2243,华北,石家庄
454,吴磊_Pro,吴磊_Pro,591,2179,西南,贵阳
455,高霞@AI,高霞@AI_284,308,1160,华北,天津
456,林军,林军_396,854,1823,西南,贵阳
457,马磊,马磊_375,447,2426,华南,深圳
458,杨娜,杨娜_255,246,1167,西北,西安
459,张强@AI,张强@AI_519,542,2289,华北,呼和浩特
460,何伟,何伟,195,1292,东北,长春
461,刘军,刘军_108,591,1239,华北,太原
462,胡强,胡强,388,1023,东北,大连
463,陈军@AI,陈军@AI,978,2262,西南,拉萨
464,罗丽,罗丽,843,1166,华中,长沙
465,胡静,胡静,247,1206,西北,乌鲁木齐
466,高强,高强,558,2046,华中,长沙
467,徐丽,徐丽_566,279,2078,华北,北京
468,刘辉,刘辉,455,2154,西北,西安
469,赵鹏,赵鹏,632,1401,西北,西安
470,周明@AI,周明@AI,838,2351,华南,深圳
471,朱娜,朱娜,803,1558,华北,石家庄
472,吴勇,吴勇_667,581,2009,西南,贵阳
473,陈峰,陈峰,864,1635,华中,南昌
474,马辉,马辉_573,834,1985,东北,哈尔滨
475,何勇Tech,何勇Tech,894,1257,华南,广州
476,刘洋Tech,刘洋Tech_155,241,1573,华北,石家庄
477,李伟,李伟,501,2011,华东,合肥
478,黄燕,黄燕_143,752,2225,华南,广州
479,吴勇@AI,吴勇@AI,810,2032,华北,呼和浩特
480,孙鹏,孙鹏,985,954,东北,哈尔滨
481,朱辉Tech,朱辉Tech,175,2270,华东,济南
482,马伟@AI,马伟@AI,121,1447,华南,珠海
483,孙杰,孙杰,737,946,华北,呼和浩特
484,黄杰,黄杰_690,420,1358,华南,深圳
485,杨霞,杨霞,412,1053,华东,济南
486,赵燕,赵燕,859,1953,华南,深圳
487,郭娜_Pro,郭娜_Pro,994,1805,华北,北京
488,徐强,徐强,746,2328,华中,郑州
489,罗娜Tech,罗娜Tech_274,421,1360,华中,南昌
490,徐军,徐军_950,130,1850,西南,拉萨
491,陈勇DISC,陈勇DISC,293,1871,华北,石家庄
492,吴洋DISC,吴洋DISC_280,923,1560,华北,北京
493,马峰,马峰_939,973,1297,华南,广州
494,何涛_Pro,何涛_Pro_226,339,1519,西北,乌鲁木齐
495,吴洋,吴洋_545,440,1353,西北,乌鲁木齐
496,吴杰,吴杰,768,1524,西北,西宁
497,马峰,马峰,259,1810,东北,长春
498,陈燕,陈燕_511,844,1296,华中,南昌
499,王静,王静,614,2418,华东,福州
500,黄霞,黄霞,537,1828,西南,成都
501,王军,王军_415,107,1461,华中,武汉
502,朱伟,朱伟_616,284,504,华中,武汉
503,杨明,杨明_831,328,922,西北,兰州
504,赵洋,赵洋,237,1018,西北,银川
505,张静,张静_827,945,1287,西南,重庆
506,刘芳2024,刘芳2024_881,598,1400,华北,呼和浩特
507,周芳2024,周芳2024_381,109,792,西北,乌鲁木齐
508,高丽,高丽,475,1075,华北,石家庄
509,朱峰,朱峰,297,532,华东,南昌
510,吴芳,吴芳_846,994,866,西南,拉萨
511,周明@AI,周明@AI,930,473,华南,海口
512,张峰@AI,张峰@AI_820,434,944,西北,西安
513,孙燕2024,孙燕2024_178,606,574,华中,长沙
514,张娜,张娜,635,1225,华北,太原
515,陈娜,陈娜_165,953,768,东北,沈阳
516,张洋,张洋_929,740,606,华中,长沙
517,朱峰,朱峰_244,700,474,西南,成都
518,吴磊@AI,吴磊@AI,629,492,西北,西宁
519,徐鹏@AI,徐鹏@AI,363,334,华中,武汉
520,林涛,林涛,382,787,华南,南宁
521,王丽,王丽_907,230,1271,西北,银川
522,何霞,何霞_535,694,972,华东,杭州
523,胡娜@AI,胡娜@AI_355,585,1230,华东,南京
524,林明,林明_110,137,1298,西北,乌鲁木齐
525,马海,马海_209,290,1317,西北,西宁
526,孙峰@AI,孙峰@AI_305,698,1223,西北,西宁
527,罗涛_Pro,罗涛_Pro_684,986,454,华东,杭州
528,林军_Pro,林军_Pro_707,540,345,西南,成都
529,马敏,马敏,755,795,西北,银川
530,赵勇,赵勇_726,380,1500,华中,武汉
531,杨杰,杨杰,449,877,东北,哈尔滨
532,陈涛,陈涛,428,1136,西南,重庆
533,高辉,高辉_366,429,519,西南,成都
534,黄霞,黄霞,585,317,华中,长沙
535,周涛,周涛,908,1217,西南,重庆
536,杨伟,杨伟_244,947,444,华北,呼和浩特
537,高杰_Pro,高杰_Pro_763,778,495,西南,重庆
538,林杰Tech,林杰Tech,150,833,华中,郑州
539,黄磊,黄磊,319,1242,华南,珠海
540,张勇,张勇,976,754,华北,呼和浩特
541,胡军,胡军,824,568,华中,南昌
542,刘涛,刘涛_318,790,864,东北,哈尔滨
543,林娜,林娜_776,942,1063,华东,福州
544,罗涛Tech,罗涛Tech_323,290,984,华中,南昌
545,吴勇,吴勇_382,428,1076,华东,济南
546,孙敏,孙敏_105,560,1367,华南,深圳
547,张涛,张涛_211,412,1131,西南,昆明
548,杨芳,杨芳,511,773,东北,哈尔滨
549,杨霞,杨霞_522,385,659,华北,北京
550,杨明,杨明_383,952,1116,华南,广州
551,孙娜,孙娜_935,450,1138,华东,杭州
552,赵芳,赵芳,282,641,华东,南昌
553,吴海Tech,吴海Tech_402,434,843,华北,石家庄
554,陈静,陈静_803,178,1250,华北,呼和浩特
555,朱燕,朱燕_979,439,589,华南,广州
556,孙鹏,孙鹏_568,916,674,华北,天津
557,孙敏,孙敏,266,1413,东北,长春
558,孙霞,孙霞,300,712,华中,南昌
559,罗辉,罗辉,191,1289,华北,呼和浩特
560,林强_Pro,林强_Pro_235,498,627,西北,兰州
561,徐芳,徐芳,615,1487,华东,福州
562,周明2024,周明2024,891,1493,西南,贵阳
563,孙强,孙强_935,210,503,华中,郑州
564,林娜,林娜,965,435,西南,重庆
565,赵鹏,赵鹏_498,950,915,华东,南昌
566,高海,高海_156,484,777,华南,深圳
567,杨军,杨军_121,390,338,东北,沈阳
568,王辉,王辉_778,694,1178,华北,石家庄
569,黄涛,黄涛,464,439,西北,银川
570,罗峰Tech,罗峰Tech,806,398,西北,银川
571,胡静,胡静_249,825,761,华东,南京
572,赵敏2024,赵敏2024,738,1136,华南,广州
573,吴洋,吴洋_944,514,1029,华北,呼和浩特
574,郭鹏DISC,郭鹏DISC,290,1007,华北,天津
575,何霞,何霞_143,406,388,西南,拉萨
576,周杰Tech,周杰Tech_739,291,1304,西北,乌鲁木齐
577,赵燕,赵燕_677,138,1296,华东,福州
578,刘娜,刘娜,528,863,华南,佛山
579,李峰,李峰_350,935,1394,华中,武汉
580,张洋,张洋_966,219,937,华东,济南
581,朱明,朱明,926,1314,西南,成都
582,朱强,朱强_943,766,1366,东北,大连
583,徐丽@AI,徐丽@AI_948,252,1194,华南,珠海
584,张霞,张霞_445,199,1476,华东,合肥
585,张伟,张伟,844,424,西北,西安
586,罗磊,罗磊,338,732,西南,成都
587,朱涛2024,朱涛2024,458,375,东北,大连
588,李燕@AI,李燕@AI,862,1207,华南,珠海
589,陈峰@AI,陈峰@AI,951,457,西南,重庆
590,杨明,杨明,961,534,西北,西安
591,高霞_Pro,高霞_Pro_112,608,1423,华中,武汉
592,高军2024,高军2024_101,692,907,西南,成都
593,周静,周静_187,163,1115,华北,太原
594,张伟2024,张伟2024_788,435,1478,西南,拉萨
595,李杰2024,李杰2024_817,156,1384,西南,成都
596,李杰,李杰_843,841,1329,华南,深圳
597,马磊,马磊_705,401,928,西北,兰州
598,马强,马强,835,1406,华南,广州
599,徐海2024,徐海2024_170,305,866,华北,太原
600,罗磊,罗磊,295,1296,华北,石家庄
601,郭静@AI,郭静@AI_633,647,845,西北,西安
602,胡静,胡静_453,174,744,华中,郑州
603,徐霞,徐霞_750,678,778,西北,西安
604,杨燕_Pro,杨燕_Pro_798,751,1433,西南,成都
605,孙强,孙强,729,1166,华北,北京
606,刘伟,刘伟_306,114,320,西北,乌鲁木齐
607,刘强,刘强_343,515,399,西北,兰州
608,王丽Tech,王丽Tech_281,643,1282,东北,哈尔滨
609,周燕,周燕,195,785,东北,长春
610,朱燕,朱燕_830,481,1411,西南,贵阳
611,胡磊,胡磊,985,1366,华中,武汉
612,徐芳,徐芳_754,916,1046,华东,南昌
613,吴辉Tech,吴辉Tech,153,759,华北,呼和浩特
614,高霞,高霞_400,117,1002,西北,西安
615,何丽,何丽_889,977,347,东北,长春
616,杨军Tech,杨军Tech,118,1189,华南,广州
617,高涛,高涛,281,1457,西南,贵阳
618,孙辉,孙辉_236,137,1234,华中,武汉
619,赵强,赵强_458,682,1048,西南,成都
620,黄杰,黄杰_216,345,952,西南,重庆
621,何燕,何燕_331,651,418,华中,郑州
622,张伟,张伟,865,997,东北,长春
623,朱军DISC,朱军DISC,457,1097,华中,武汉
624,林伟_Pro,林伟_Pro_400,263,404,西南,昆明
625,郭明_Pro,郭明_Pro,859,949,西南,贵阳
626,吴勇,吴勇_160,666,412,华中,南昌
627,高磊,高磊_266,629,1428,西北,兰州
628,高燕,高燕,252,1481,华北,石家庄
629,吴娜,吴娜,371,336,华东,南京
630,张敏Tech,张敏Tech_699,399,738,华南,珠海
631,林涛_Pro,林涛_Pro,105,1377,华北,太原
632,胡辉,胡辉,372,1173,东北,长春
633,陈涛_Pro,陈涛_Pro,544,1195,东北,沈阳
634,张军,张军,171,993,西北,兰州
635,杨丽,杨丽,563,586,西北,银川
636,刘海,刘海,300,1196,华北,北京
637,胡勇@AI,胡勇@AI,675,1138,东北,沈阳
638,罗涛,罗涛_799,639,815,西北,西宁
639,马敏,马敏_451,973,1485,华南,海口
640,郭伟2024,郭伟2024,391,1118,西北,西宁
641,王霞,王霞,481,1365,华东,福州
642,郭辉,郭辉_254,996,889,华东,合肥
643,罗娜_Pro,罗娜_Pro,532,375,华南,海口
644,胡娜,胡娜_907,125,524,西北,乌鲁木齐
645,刘芳Tech,刘芳Tech_275,582,1311,华南,佛山
646,何洋,何洋_678,745,1257,西北,乌鲁木齐
647,吴强,吴强,646,676,西南,拉萨
648,高鹏,高鹏_183,576,444,华中,南昌
649,张涛,张涛,344,1403,西南,昆明
650,李军,李军_133,514,855,西南,重庆
651,高伟,高伟_811,272,329,华中,南昌
652,吴辉,吴辉,830,1137,东北,长春
653,王燕,王燕,989,1051,西南,重庆
654,罗洋2024,罗洋2024_195,738,1157,华东,福州
655,陈敏,陈敏,715,1236,东北,哈尔滨
656,刘军_Pro,刘军_Pro_410,825,456,华南,广州
657,罗霞,罗霞_305,219,1435,华中,南昌
658,刘涛,刘涛_909,100,1318,东北,长春
659,高鹏,高鹏,770,1084,华东,上海
660,罗海_Pro,罗海_Pro,409,1136,华北,太原
661,陈磊DISC,陈磊DISC,731,1157,华中,南昌
662,吴峰Tech,吴峰Tech_773,867,977,华北,太原
663,何丽,何丽,801,842,西南,昆明
664,吴丽,吴丽,844,790,东北,大连
665,周娜2024,周娜2024_417,683,1481,华东,南京
666,孙强,孙强,897,1308,华南,佛山
667,高洋,高洋,206,1274,西南,昆明
668,杨洋DISC,杨洋DISC,159,475,东北,长春
669,郭军,郭军_953,724,914,华东,上海
670,徐峰,徐峰,934,1101,西南,成都
671,王燕,王燕_678,233,883,西北,西宁
672,杨芳,杨芳,626,623,东北,大连
673,朱辉,朱辉_676,388,621,西南,成都
674,高勇@AI,高勇@AI_117,631,457,东北,沈阳
675,罗静,罗静_563,431,613,华东,上海
676,吴磊,吴磊_860,732,1444,西南,成都
677,高涛2024,高涛2024,450,760,西北,西安
678,徐强DISC,徐强DISC_550,468,865,华中,南昌
679,张霞,张霞_870,501,1389,华南,珠海
680,朱明,朱明,176,908,东北,长春
681,刘强,刘强,755,501,华东,南京
682,胡勇,胡勇,678,861,东北,大连
683,胡娜DISC,胡娜DISC,362,739,华中,南昌
684,郭伟,郭伟_953,911,656,西南,昆明
685,罗敏,罗敏,756,647,华南,南宁
686,朱军,朱军,502,609,东北,哈尔滨
687,赵燕Tech,赵燕Tech,814,616,东北,长春
688,马峰,马峰,517,518,华南,广州
689,高鹏,高鹏_948,363,607,华北,石家庄
690,杨勇,杨勇_262,814,1401,华南,海口
691,林霞,林霞_611,832,824,华北,呼和浩特
692,罗洋DISC,罗洋DISC,930,700,华中,长沙
693,杨芳,杨芳,271,655,华北,呼和浩特
694,林燕DISC,林燕DISC_504,441,956,东北,沈阳
695,黄磊,黄磊,123,337,东北,哈尔滨
696,林洋,林洋,677,873,西南,拉萨
697,何燕,何燕_944,655,699,华东,南昌
698,孙燕_Pro,孙燕_Pro,406,1484,华北,天津
699,赵峰,赵峰_300,971,377,华东,杭州
700,陈辉,陈辉,589,670,东北,长春
701,林丽,林丽,533,1094,华北,天津
702,赵芳,赵芳_621,119,948,华中,郑州
703,朱燕Tech,朱燕Tech,186,1055,华中,长沙
704,林霞,林霞_303,638,343,东北,大连
705,陈静,陈静,767,408,东北,大连
706,何海,何海_868,601,1488,西北,银川
707,林辉,林辉_102,373,1010,华南,珠海
708,张峰,张峰_864,302,1103,华东,南昌
709,王霞,王霞_225,404,630,华南,深圳
710,马杰,马杰_375,194,690,西南,昆明
711,马霞Tech,马霞Tech_712,243,417,西南,拉萨
712,刘鹏,刘鹏,427,1218,西南,重庆
713,高涛,高涛,978,1441,华北,太原
714,马峰,马峰,429,1279,东北,大连
715,吴强Tech,吴强Tech_451,790,1075,西南,成都
716,陈涛DISC,陈涛DISC,404,1155,西南,贵阳
717,何峰,何峰_658,574,1419,华东,济南
718,胡鹏,胡鹏,174,1246,西北,西宁
719,黄洋,黄洋,498,400,华南,珠海
720,林强DISC,林强DISC_376,130,905,西北,银川
721,马磊,马磊_939,577,963,东北,长春
722,高军,高军,529,833,华东,福州
723,林强,林强,929,350,东北,哈尔滨
724,高静DISC,高静DISC,255,667,东北,沈阳
725,孙丽,孙丽_614,219,472,东北,沈阳
726,周勇,周勇_134,328,750,华南,南宁
727,张伟,张伟,933,576,华南,海口
728,高鹏DISC,高鹏DISC,607,966,华北,北京
729,黄明@AI,黄明@AI,524,350,华南,广州
730,黄霞Tech,黄霞Tech_997,795,1020,华东,杭州
731,黄磊Tech,黄磊Tech_227,753,1492,西南,重庆
732,何静,何静,359,367,华中,南昌
733,罗峰,罗峰,630,726,华中,南昌
734,何鹏,何鹏_542,659,1410,东北,沈阳
735,杨敏,杨敏,509,1104,东北,哈尔滨
736,张丽Tech,张丽Tech_974,513,750,东北,沈阳
737,周杰_Pro,周杰_Pro,198,1433,西南,贵阳
738,赵芳,赵芳,286,809,华东,合肥
739,郭霞,郭霞_787,186,1209,东北,哈尔滨
740,杨娜DISC,杨娜DISC_480,301,376,西南,成都
741,刘燕,刘燕_393,591,1022,西南,贵阳
742,刘杰,刘杰,869,890,华东,南京
743,吴敏,吴敏,357,432,西南,重庆
744,杨杰_Pro,杨杰_Pro_593,842,320,西北,乌鲁木齐
745,林强,林强_995,262,831,华南,南宁
746,林军2024,林军2024_643,105,1147,西北,西宁
747,陈静2024,陈静2024_906,981,1147,东北,长春
748,高峰,高峰_345,855,369,华中,长沙
749,张鹏DISC,张鹏DISC_915,584,978,西南,成都
750,吴杰,吴杰_138,162,1032,东北,大连
751,孙伟,孙伟,549,568,华北,呼和浩特
752,胡杰Tech,胡杰Tech,765,322,华东,杭州
753,孙勇,孙勇,499,1374,华中,南昌
754,朱芳DISC,朱芳DISC_396,905,634,华中,郑州
755,徐峰,徐峰_628,981,1089,东北,长春
756,黄娜,黄娜_619,989,371,西南,贵阳
757,高伟2024,高伟2024_550,502,1120,华南,珠海
758,陈娜,陈娜_285,818,1038,华北,天津
759,赵勇,赵勇_901,600,1380,西南,昆明
760,张洋,张洋,664,684,西南,贵阳
761,李勇,李勇,363,451,华北,天津
762,黄磊@AI,黄磊@AI,273,901,东北,大连
763,胡娜,胡娜_596,469,1199,华东,南京
764,刘芳,刘芳,295,307,东北,大连
765,高燕,高燕,579,301,西南,拉萨
766,何磊,何磊_359,391,851,华北,石家庄
767,何静,何静_652,657,657,西南,成都
768,赵洋@AI,赵洋@AI,281,1339,西北,西宁
769,罗明@AI,罗明@AI_697,871,1104,西北,兰州
770,罗娜,罗娜_789,731,786,华北,北京
771,罗磊_Pro,罗磊_Pro,293,1452,华南,佛山
772,周明,周明_618,569,1264,西南,贵阳
773,周燕,周燕_799,571,624,华北,呼和浩特
774,李涛@AI,李涛@AI_787,524,1347,华北,北京
775,胡峰,胡峰,241,1079,东北,大连
776,王霞,王霞,698,583,西北,兰州
777,赵磊@AI,赵磊@AI_839,862,449,华东,南昌
778,高娜,高娜_239,916,868,华中,南昌
779,孙辉,孙辉,592,431,华南,深圳
780,朱静_Pro,朱静_Pro,616,1077,华南,海口
781,吴峰Tech,吴峰Tech,144,759,西南,拉萨
782,何明_Pro,何明_Pro,925,415,华中,南昌
783,马强,马强,168,721,西南,贵阳
784,王芳,王芳_385,225,679,西北,乌鲁木齐
785,李杰2024,李杰2024_526,482,989,华中,南昌
786,孙鹏,孙鹏_252,834,1273,西北,西宁
787,杨芳,杨芳_260,159,1026,华东,福州
788,朱军,朱军,327,914,华北,太原
789,陈丽,陈丽,993,632,华中,郑州
790,徐鹏2024,徐鹏2024_630,465,550,华北,太原
791,林鹏,林鹏,957,1338,西北,西安
792,黄敏,黄敏_424,673,1352,华东,南昌
793,周敏,周敏,636,1308,华中,南昌
794,郭洋,郭洋,796,771,东北,哈尔滨
795,徐芳,徐芳_515,681,529,华东,杭州
796,高磊@AI,高磊@AI,651,830,华东,南京
797,赵霞,赵霞_453,399,1445,西北,西宁
798,王峰,王峰,621,992,华东,南昌
799,杨明,杨明,916,1466,西南,拉萨
800,何敏,何敏_824,731,677,华东,南昌
801,何海,何海,595,953,华南,珠海
802,徐娜,徐娜_111,391,587,华南,南宁
803,何静2024,何静2024,490,431,西北,西安
804,徐伟,徐伟,210,1389,华北,石家庄
805,郭静2024,郭静2024,620,354,西南,成都
806,高峰,高峰_552,719,1059,华东,杭州
807,罗敏,罗敏_529,584,652,东北,沈阳
808,孙娜DISC,孙娜DISC_318,155,1321,华北,石家庄
809,黄敏_Pro,黄敏_Pro,443,1318,华南,佛山
810,朱洋2024,朱洋2024,750,1227,华北,太原
811,朱伟DISC,朱伟DISC_874,525,1474,东北,哈尔滨
812,刘磊DISC,刘磊DISC_757,920,1073,华北,石家庄
813,周伟DISC,周伟DISC_495,870,1033,华北,太原
814,黄霞,黄霞_519,601,1028,华南,广州
815,刘敏,刘敏_941,208,316,东北,长春
816,何静,何静,304,1416,华北,太原
817,郭杰,郭杰_728,307,1253,华中,长沙
818,罗伟,罗伟_891,306,562,华南,佛山
819,林娜,林娜,784,784,西南,拉萨
820,马鹏,马鹏,633,1122,华南,海口
821,张敏,张敏_164,326,557,西北,西宁
822,何鹏,何鹏,516,665,西北,西宁
823,胡鹏,胡鹏_447,848,978,华北,石家庄
824,张涛2024,张涛2024_300,639,1397,华东,上海
825,杨洋,杨洋_451,532,493,华南,佛山
826,杨燕,杨燕,747,672,华中,长沙
827,罗勇,罗勇,417,1319,西北,乌鲁木齐
828,刘勇@AI,刘勇@AI,608,982,西北,兰州
829,黄峰,黄峰_103,760,904,东北,长春
830,杨磊,杨磊,664,573,东北,哈尔滨
831,赵燕DISC,赵燕DISC_536,202,998,华北,太原
832,林杰Tech,林杰Tech_775,848,659,华中,长沙
833,周磊,周磊_302,989,1052,华北,石家庄
834,张杰,张杰_915,292,636,华南,佛山
835,马勇,马勇_778,787,419,华南,佛山
836,郭娜DISC,郭娜DISC,120,748,华北,呼和浩特
837,孙敏@AI,孙敏@AI,309,942,西南,昆明
838,黄峰DISC,黄峰DISC_954,425,359,西南,重庆
839,徐鹏,徐鹏,226,915,华东,合肥
840,李涛,李涛_178,927,1405,华中,长沙
841,马明,马明,491,1265,东北,长春
842,黄峰,黄峰,841,712,西南,贵阳
843,张燕@AI,张燕@AI_825,521,1482,西北,兰州
844,王燕,王燕,624,1400,西北,银川
845,赵涛Tech,赵涛Tech_276,985,1406,华中,长沙
846,郭霞,郭霞_436,786,936,华东,杭州
847,郭明,郭明_937,633,891,西北,西安
848,张燕,张燕_899,639,342,华东,杭州
849,罗军,罗军,686,781,华南,广州
850,林军,林军,481,1474,东北,哈尔滨
851,李娜,李娜,105,741,华东,杭州
852,陈娜,陈娜_263,287,1451,西北,银川
853,胡明,胡明_659,190,1170,华中,武汉
854,郭静,郭静_305,296,543,华东,上海
855,刘海,刘海_414,620,788,华南,南宁
856,朱峰,朱峰,902,775,华中,南昌
857,高勇,高勇,788,1231,华南,珠海
858,林洋Tech,林洋Tech,894,1203,华南,海口
859,何杰DISC,何杰DISC,743,302,华南,珠海
860,吴芳,吴芳,708,431,西北,西安
861,孙燕,孙燕,127,535,华东,南京
862,孙军Tech,孙军Tech_533,187,1459,华南,珠海
863,徐明,徐明,747,936,华南,珠海
864,王丽,王丽,659,1210,西南,成都
865,刘涛@AI,刘涛@AI_793,554,653,西南,拉萨
866,高海DISC,高海DISC,911,1142,华南,深圳
867,刘丽,刘丽,569,335,华东,福州
868,赵静,赵静_482,120,430,华北,太原
869,朱军,朱军,496,1472,华东,济南
870,何霞,何霞_838,693,850,华中,武汉
871,胡辉,胡辉,298,951,西南,贵阳
872,刘杰,刘杰_717,902,1174,华北,呼和浩特
873,林磊,林磊_108,351,727,华中,武汉
874,周娜_Pro,周娜_Pro,159,926,东北,哈尔滨
875,胡芳DISC,胡芳DISC,116,1335,华南,珠海
876,张杰Tech,张杰Tech_301,741,426,华东,上海
877,王海,王海,474,1483,西北,西宁
878,胡杰,胡杰,629,1405,华中,南昌
879,何峰,何峰_662,769,1042,华北,太原
880,王海,王海,973,1399,华中,长沙
881,胡勇,胡勇,742,812,华东,福州
882,张敏,张敏_375,372,509,西南,昆明
883,胡静,胡静,298,1190,西南,成都
884,周强,周强,726,1485,华南,南宁
885,李明,李明,225,735,华中,武汉
886,刘杰,刘杰,1000,602,华中,长沙
887,杨军,杨军,505,349,华中,南昌
888,陈丽,陈丽,615,310,华南,珠海
889,张霞_Pro,张霞_Pro,954,1236,华北,呼和浩特
890,马敏,马敏,866,1377,东北,大连
891,杨辉2024,杨辉2024,834,1268,西南,重庆
892,黄军,黄军_828,225,1474,东北,大连
893,郭明,郭明_262,243,1482,华中,南昌
894,徐勇,徐勇_585,316,631,西北,乌鲁木齐
895,罗丽DISC,罗丽DISC_945,461,753,东北,哈尔滨
896,刘勇,刘勇,962,331,西北,西宁
897,刘军,刘军_113,594,447,华中,长沙
898,徐鹏,徐鹏,167,458,华东,济南
899,徐伟,徐伟_835,806,1200,华中,长沙
900,张燕,张燕,998,1476,华南,海口
901,林洋2024,林洋2024_283,935,950,华东,福州
902,黄敏_Pro,黄敏_Pro_269,962,1253,华中,长沙
903,赵鹏Tech,赵鹏Tech_501,356,1002,西北,银川
904,郭燕Tech,郭燕Tech_138,655,317,西北,兰州
905,黄军,黄军,689,1336,华南,佛山
906,王明,王明,533,492,华南,广州
907,朱强DISC,朱强DISC_142,135,973,西北,西宁
908,何敏,何敏,713,1418,华南,深圳
909,罗静,罗静,656,305,华南,珠海
910,赵涛,赵涛,839,1155,华南,海口
911,张军@AI,张军@AI,268,1470,华北,石家庄
912,孙伟,孙伟,475,1287,西南,成都
913,吴峰,吴峰_534,244,648,东北,沈阳
914,郭娜Tech,郭娜Tech_809,304,616,华中,武汉
915,林伟,林伟,707,686,华东,南昌
916,杨静,杨静,263,1197,华中,武汉
917,王燕_Pro,王燕_Pro_257,919,660,华中,南昌
918,徐辉,徐辉,813,676,西北,西安
919,黄伟DISC,黄伟DISC_400,264,1451,东北,大连
920,张静,张静_989,809,598,华中,郑州
921,赵丽@AI,赵丽@AI,624,1170,东北,沈阳
922,何静,何静_631,599,1223,华东,南京
923,王芳DISC,王芳DISC_398,839,967,西北,西宁
924,陈芳,陈芳,600,1067,华东,南京
925,杨军@AI,杨军@AI,690,636,东北,哈尔滨
926,胡峰,胡峰_105,404,1328,华中,南昌
927,赵军,赵军,730,1496,东北,哈尔滨
928,孙芳,孙芳,825,838,华北,太原
929,周燕,周燕,887,1375,东北,哈尔滨
930,罗明,罗明,565,1479,华东,杭州
931,吴敏,吴敏,586,390,华南,海口
932,孙丽,孙丽,711,866,华南,深圳
933,周娜,周娜_674,276,1377,华东,济南
934,林霞@AI,林霞@AI_438,198,617,华中,郑州
935,何杰2024,何杰2024,340,1150,东北,沈阳
936,胡明@AI,胡明@AI,846,1318,东北,大连
937,罗强@AI,罗强@AI,467,907,东北,长春
938,林强DISC,林强DISC_651,785,1464,东北,哈尔滨
939,王涛,王涛_850,770,1416,华东,合肥
940,吴勇,吴勇_524,556,1074,西南,昆明
941,马伟,马伟,749,502,华中,武汉
942,陈明,陈明_629,798,557,华中,南昌
943,郭杰,郭杰_107,602,1323,西北,兰州
944,罗丽DISC,罗丽DISC,392,703,华中,武汉
945,朱涛DISC,朱涛DISC,460,768,华中,郑州
946,何勇,何勇_288,143,937,西北,银川
947,张伟,张伟_507,709,938,西南,昆明
948,朱明,朱明_502,988,1425,华南,深圳
949,陈鹏,陈鹏_380,224,679,华北,石家庄
950,刘燕@AI,刘燕@AI,240,1206,华东,南昌
951,李辉,李辉,801,1196,华南,南宁
952,林磊,林磊,186,1450,华东,合肥
953,郭洋_Pro,郭洋_Pro_456,621,443,西北,西宁
954,何伟,何伟,122,970,东北,沈阳
955,高燕,高燕,654,394,华中,长沙
956,高洋,高洋_364,345,321,西南,贵阳
957,何峰,何峰_709,735,1062,西南,拉萨
958,陈辉,陈辉,134,784,华北,呼和浩特
959,吴磊Tech,吴磊Tech,256,1067,东北,沈阳
960,黄勇,黄勇,265,556,西南,重庆
961,黄洋@AI,黄洋@AI,506,1252,西北,兰州
962,郭敏,郭敏,413,649,华东,福州
963,刘燕,刘燕_560,750,626,西南,拉萨
964,孙峰,孙峰,552,886,华中,武汉
965,高磊,高磊,869,1368,西北,兰州
966,徐静Tech,徐静Tech,341,1212,西北,兰州
967,吴军,吴军,816,446,华中,长沙
968,郭娜2024,郭娜2024_439,315,1357,华中,郑州
969,刘静,刘静_551,477,1191,西南,拉萨
970,马明,马明,555,765,东北,哈尔滨
971,林洋,林洋,640,573,西北,银川
972,赵伟,赵伟,795,302,华东,济南
973,何芳Tech,何芳Tech_951,362,1191,华南,南宁
974,林军,林军,349,348,华东,济南
975,王伟,王伟,213,676,东北,沈阳
976,黄伟Tech,黄伟Tech,201,1154,西南,昆明
977,吴磊,吴磊_662,710,598,华东,济南
978,马静,马静_803,254,1379,华南,海口
979,赵涛,赵涛_637,311,1230,华东,合肥
980,马涛,马涛,102,989,东北,长春
981,朱杰2024,朱杰2024,766,1282,东北,哈尔滨
982,黄辉,黄辉,872,1262,华中,武汉
983,朱杰,朱杰,402,1253,西南,昆明
984,朱磊,朱磊_608,136,1338,东北,沈阳
985,吴军,吴军_960,982,735,西北,西安
986,罗芳_Pro,罗芳_Pro_221,223,351,西南,昆明
987,杨鹏,杨鹏_638,680,385,华东,南昌
988,张洋@AI,张洋@AI_829,886,657,华南,南宁
989,王娜,王娜,168,309,西南,拉萨
990,王辉,王辉_334,313,1395,华南,珠海
991,赵军,赵军_203,547,687,西南,重庆
992,林霞@AI,林霞@AI_679,608,1268,华北,石家庄
993,李娜_Pro,李娜_Pro,476,790,东北,哈尔滨
994,罗伟@AI,罗伟@AI,416,1210,华中,武汉
995,周军,周军,996,309,华北,天津
996,陈丽,陈丽_363,969,521,西南,成都
997,黄涛,黄涛_724,309,761,华北,天津
998,孙敏,孙敏_938,447,995,华南,南宁
999,张海Tech,张海Tech_971,763,935,西北,银川
1000,周芳,周芳_651,788,802,华北,石家庄
1001,朱海2024,朱海2024_352,197,1184,华东,福州
1002,李磊_Pro,李磊_Pro_326,403,797,华北,天津
1003,何涛,何涛,719,638,东北,沈阳
1004,高敏,高敏,234,1130,东北,哈尔滨
1005,李丽,李丽_697,109,795,华东,杭州
1006,高丽,高丽,386,372,西南,重庆
1007,罗丽,罗丽,124,911,华南,海口
1008,朱涛_Pro,朱涛_Pro,180,808,东北,大连
1009,黄海,黄海_475,885,522,华北,石家庄
1010,孙丽@AI,孙丽@AI,764,598,华东,南京
1011,李丽_Pro,李丽_Pro_137,684,1121,华北,石家庄
1012,周静DISC,周静DISC_278,150,318,东北,长春
1013,胡军,胡军_566,565,1212,华南,广州
1014,吴杰@AI,吴杰@AI_766,525,906,西北,兰州
1015,何军,何军,146,834,东北,哈尔滨
1016,郭涛,郭涛,328,782,华南,深圳
1017,陈海,陈海_562,285,886,华东,合肥
1018,徐燕2024,徐燕2024,749,535,西北,兰州
1019,郭涛,郭涛_276,688,1116,东北,沈阳
1020,周鹏_Pro,周鹏_Pro,796,863,华东,南昌
1021,何敏2024,何敏2024,178,660,西南,昆明
1022,林强,林强_936,578,1095,西南,贵阳
1023,朱敏,朱敏_727,278,1264,西北,乌鲁木齐
1024,李燕,李燕_385,537,1308,华南,广州
1025,吴勇,吴勇,639,855,东北,哈尔滨
1026,刘娜,刘娜_531,627,1012,华北,北京
1027,杨鹏@AI,杨鹏@AI_732,747,725,西北,乌鲁木齐
1028,刘霞,刘霞,747,1024,华东,福州
1029,朱勇,朱勇,207,891,西北,兰州
1030,郭辉DISC,郭辉DISC,602,1036,华北,天津
1031,郭涛,郭涛_660,257,399,西南,成都
1032,孙军,孙军_343,176,513,西北,银川
1033,黄海,黄海_616,610,335,华南,佛山
1034,周芳,周芳,857,441,华南,南宁
1035,陈涛,陈涛_936,888,827,东北,哈尔滨
1036,杨明,杨明_201,958,1425,西南,重庆
1037,杨洋,杨洋_232,944,818,西南,重庆
1038,周海,周海,715,1283,东北,长春
1039,陈洋,陈洋_538,533,1403,西南,重庆
1040,王辉,王辉,875,1095,西北,乌鲁木齐
1041,杨娜,杨娜_490,883,491,华东,上海
1042,郭敏DISC,郭敏DISC,436,1001,西北,银川
1043,高海,高海,181,949,西南,拉萨
1044,周丽,周丽,491,741,华南,深圳
1045,周海,周海_712,366,766,西北,乌鲁木齐
1046,徐伟,徐伟,751,1004,华北,呼和浩特
1047,李伟_Pro,李伟_Pro_604,276,314,西北,乌鲁木齐
1048,郭勇,郭勇,967,418,西北,银川
1049,赵伟DISC,赵伟DISC,541,388,华东,福州
1050,周明,周明,579,1324,华中,郑州
1051,林峰,林峰,277,1133,华中,南昌
1052,郭丽,郭丽,689,1108,西南,成都
1053,周鹏,周鹏_647,927,389,华中,武汉
1054,李娜,李娜,329,717,华中,长沙
1055,马静,马静_225,252,409,西南,拉萨
1056,林勇Tech,林勇Tech,536,635,西南,成都
1057,罗娜,罗娜,473,1069,华南,南宁
1058,吴敏,吴敏_214,254,1200,华南,佛山
1059,胡静,胡静_993,916,1276,华东,合肥
1060,郭燕@AI,郭燕@AI_133,226,763,华南,南宁
1061,杨杰,杨杰_486,881,1064,东北,哈尔滨
1062,李鹏,李鹏,528,1071,西南,贵阳
1063,吴霞,吴霞_710,360,797,华北,呼和浩特
1064,陈海,陈海_124,543,678,华中,郑州
1065,罗军,罗军_405,812,921,华中,武汉
1066,周强,周强_756,829,1393,华中,郑州
1067,周勇,周勇_758,594,682,华东,福州
1068,朱辉2024,朱辉2024,596,1043,华北,石家庄
1069,张辉Tech,张辉Tech,170,901,华北,天津
1070,黄霞,黄霞_218,425,1177,东北,长春
1071,徐芳Tech,徐芳Tech,484,1372,西北,乌鲁木齐
1072,黄勇@AI,黄勇@AI,372,759,华东,济南
1073,何燕,何燕_416,922,1090,华南,南宁
1074,罗霞,罗霞_748,254,766,西北,西宁
1075,周静,周静_225,978,797,西北,乌鲁木齐
1076,杨磊_Pro,杨磊_Pro,334,1061,华东,南昌
1077,高强_Pro,高强_Pro_242,994,1230,华南,海口
1078,何敏,何敏_475,194,311,华中,郑州
1079,马燕2024,马燕2024_643,296,467,华南,广州
1080,林伟,林伟_478,356,1420,华中,郑州
1081,陈勇,陈勇_328,263,1229,华中,武汉
1082,朱磊,朱磊,555,773,西南,昆明
1083,张霞@AI,张霞@AI_984,773,1396,华中,郑州
1084,孙芳,孙芳_597,340,1205,华中,长沙
1085,朱丽,朱丽_651,811,814,华东,福州
1086,罗强,罗强_914,361,1262,西北,乌鲁木齐
1087,徐芳,徐芳_997,282,456,华南,深圳
1088,何军,何军,238,765,华东,杭州
1089,马敏,马敏_273,1000,1009,华南,佛山
1090,赵涛,赵涛_585,870,501,西南,拉萨
1091,杨强,杨强,904,1488,华南,广州
1092,张辉,张辉_105,367,1124,华中,长沙
1093,杨洋,杨洋,305,1231,西北,西安
1094,李燕@AI,李燕@AI_711,834,1104,华东,南京
1095,赵峰,赵峰,816,390,西北,西宁
1096,高明,高明,201,1090,华南,海口
1097,孙涛,孙涛_684,362,1289,西南,重庆
1098,郭军,郭军_136,621,1324,西北,乌鲁木齐
1099,郭伟,郭伟,913,412,西北,乌鲁木齐
1100,高峰,高峰_729,713,1214,西北,乌鲁木齐
1101,周鹏,周鹏,388,966,华南,珠海
1102,黄军,黄军_701,631,953,华南,佛山
1103,陈伟2024,陈伟2024_504,763,1147,东北,哈尔滨
1104,何娜,何娜,514,1266,华中,武汉
1105,罗明,罗明,897,737,东北,沈阳
1106,朱勇,朱勇_525,649,403,西北,西安
1107,孙敏,孙敏,113,386,华南,深圳
1108,林燕,林燕,749,971,华东,南昌
1109,林霞,林霞,905,1144,东北,沈阳
1110,吴勇,吴勇_740,439,518,西南,贵阳
1111,杨勇,杨勇,909,567,华北,呼和浩特
1112,赵芳,赵芳_629,496,566,西北,西宁
1113,郭娜,郭娜,711,795,华南,深圳
1114,赵辉_Pro,赵辉_Pro,930,502,华东,杭州
1115,罗海,罗海,729,342,华北,石家庄
1116,郭明,郭明_701,604,1270,华南,佛山
1117,何海,何海_868,778,532,东北,大连
1118,郭磊,郭磊_781,735,962,华北,天津
1119,周勇,周勇_515,180,453,西南,成都
1120,周芳,周芳,266,1109,华南,佛山
1121,王鹏,王鹏,418,1337,华东,杭州
1122,陈芳,陈芳,118,328,华北,呼和浩特
1123,陈静,陈静,647,1008,华中,长沙
1124,吴峰2024,吴峰2024_552,415,968,华南,珠海
1125,杨涛_Pro,杨涛_Pro_544,173,1296,西北,银川
1126,徐杰DISC,徐杰DISC_373,463,1391,东北,大连
1127,赵海@AI,赵海@AI,915,1060,华中,郑州
1128,周勇_Pro,周勇_Pro,561,890,西南,贵阳
1129,黄鹏_Pro,黄鹏_Pro,700,499,华北,石家庄
1130,张磊,张磊,689,579,东北,长春
1131,张芳_Pro,张芳_Pro,981,1311,华中,南昌
1132,陈峰,陈峰,753,917,华南,广州
1133,杨娜DISC,杨娜DISC_287,885,334,华北,北京
1134,朱娜DISC,朱娜DISC,448,1376,华北,天津
1135,吴娜,吴娜,718,868,华南,佛山
1136,杨明,杨明,496,552,西北,银川
1137,胡峰,胡峰_981,429,458,华中,武汉
1138,高杰,高杰_662,813,957,华东,杭州
1139,刘军,刘军_170,921,656,华东,济南
1140,吴强,吴强_583,386,1199,西南,贵阳
1141,周磊,周磊,831,938,华南,广州
1142,杨娜,杨娜,933,1349,华南,珠海
1143,王勇Tech,王勇Tech_890,863,1373,华东,上海
1144,高勇,高勇_651,854,1256,华中,郑州
1145,张伟,张伟,222,575,西北,银川
1146,王辉,王辉_162,565,1188,华北,太原
1147,徐勇@AI,徐勇@AI_952,558,455,西北,西宁
1148,徐霞,徐霞_799,482,681,西北,乌鲁木齐
1149,郭峰,郭峰,370,620,华北,北京
1150,王勇,王勇_877,156,1012,华东,济南
1151,周芳,周芳,659,1044,西北,乌鲁木齐
1152,吴敏,吴敏,740,1253,华北,北京
1153,黄峰,黄峰_333,155,1109,西北,兰州
1154,周洋,周洋,737,1285,华中,长沙
1155,马静,马静,410,1315,西北,西宁
1156,胡勇2024,胡勇2024_664,649,1105,西南,贵阳
1157,林伟Tech,林伟Tech_815,271,1097,华南,佛山
1158,何辉DISC,何辉DISC,327,357,西北,乌鲁木齐
1159,王杰,王杰_379,617,1408,西南,成都
1160,刘鹏,刘鹏,570,1480,华北,天津
1161,马磊DISC,马磊DISC,746,822,华东,福州
1162,吴洋2024,吴洋2024_625,328,505,华北,石家庄
1163,林磊,林磊,361,1285,华东,合肥
1164,徐杰,徐杰,664,1130,西南,昆明
1165,黄军,黄军,271,723,东北,大连
1166,胡鹏,胡鹏,889,349,华中,武汉
1167,李洋,李洋,740,1336,西南,昆明
1168,张强,张强,111,672,西南,贵阳
1169,陈丽,陈丽,888,1329,东北,大连
1170,杨燕,杨燕_183,640,589,西南,成都
1171,罗芳,罗芳,460,1204,华东,济南
1172,马燕,马燕_117,594,330,东北,长春
1173,徐洋Tech,徐洋Tech,279,1018,华南,南宁
1174,徐辉,徐辉_731,194,306,华北,天津
1175,吴明,吴明,737,730,西北,西宁
1176,高磊,高磊,523,697,东北,哈尔滨
1177,吴强Tech,吴强Tech,468,1019,华东,福州
1178,吴鹏_Pro,吴鹏_Pro,377,1171,西南,拉萨
1179,何勇,何勇,540,546,华中,武汉
1180,徐涛,徐涛_848,196,714,西南,拉萨
1181,罗娜,罗娜,253,906,华东,杭州
1182,周磊,周磊_845,299,1326,华北,呼和浩特
1183,周磊,周磊,298,1005,华北,呼和浩特
1184,郭鹏@AI,郭鹏@AI_327,488,620,西南,成都
1185,刘涛,刘涛_646,291,755,华东,上海
1186,李海Tech,李海Tech,661,925,华南,深圳
1187,朱海,朱海,446,1016,华东,上海
1188,李海,李海_552,684,806,华东,济南
1189,徐杰,徐杰,749,495,西北,西安
1190,徐勇,徐勇,527,436,华南,广州
1191,刘辉,刘辉_906,532,1040,华南,珠海
1192,徐勇,徐勇_500,654,611,华南,深圳
1193,林霞,林霞_580,382,885,华东,济南
1194,杨军@AI,杨军@AI_209,236,1077,东北,沈阳
1195,黄霞_Pro,黄霞_Pro_314,252,601,华南,南宁
1196,王磊Tech,王磊Tech_487,932,502,华北,呼和浩特
1197,吴强,吴强_710,616,696,华南,广州
1198,杨娜Tech,杨娜Tech,315,1101,华北,呼和浩特
1199,吴静,吴静,850,675,华东,合肥
1200,王静,王静_559,650,1197,华北,太原
1201,林海,林海_500,863,917,华中,长沙
1202,刘丽Tech,刘丽Tech_665,903,1138,华中,郑州
1203,高静,高静,656,849,西北,乌鲁木齐
1204,徐娜,徐娜_341,680,974,华南,深圳
1205,徐鹏@AI,徐鹏@AI_965,392,830,华南,海口
1206,陈峰,陈峰,746,1033,华东,济南
1207,陈强,陈强_511,475,721,东北,大连
1208,徐磊,徐磊_659,775,1214,华东,福州
1209,黄军,黄军,786,1259,华北,太原
1210,胡勇,胡勇,497,971,西北,乌鲁木齐
1211,朱娜DISC,朱娜DISC_262,931,1388,华中,长沙
1212,郭丽,郭丽,225,1195,华南,珠海
1213,杨芳,杨芳_521,708,853,东北,哈尔滨
1214,吴燕,吴燕_650,429,546,华东,上海
1215,李燕,李燕,645,1131,华北,太原
1216,罗静Tech,罗静Tech_922,438,304,华东,合肥
1217,杨杰,杨杰,817,705,华北,呼和浩特
1218,周伟,周伟_315,177,1461,东北,哈尔滨
1219,刘鹏DISC,刘鹏DISC_387,724,840,华北,呼和浩特
1220,陈燕,陈燕,960,701,西北,西安
1221,马磊,马磊,286,1006,西北,银川
1222,张辉,张辉,904,534,西北,西安
1223,李敏2024,李敏2024_648,231,738,华中,郑州
1224,朱强,朱强,501,1117,华南,海口
1225,刘敏,刘敏_688,433,694,华东,杭州
1226,杨敏DISC,杨敏DISC,680,725,西北,乌鲁木齐
1227,林鹏,林鹏_520,768,1155,华东,济南
1228,胡峰,胡峰,302,744,华东,济南
1229,林芳,林芳,387,472,东北,大连
1230,陈勇DISC,陈勇DISC_596,430,1334,华东,杭州
1231,陈海,陈海,503,1039,西南,贵阳
1232,郭敏Tech,郭敏Tech_980,200,1395,西北,银川
1233,陈敏2024,陈敏2024,402,843,东北,沈阳
1234,朱伟,朱伟_992,496,415,华北,太原
1235,王伟DISC,王伟DISC,274,586,华东,上海
1236,罗敏2024,罗敏2024_833,294,811,华南,佛山
1237,赵伟DISC,赵伟DISC_914,345,831,西北,西安
1238,徐芳,徐芳_166,426,524,西北,乌鲁木齐
1239,郭海,郭海,775,560,西北,银川
1240,黄涛,黄涛_787,403,1368,华中,南昌
1241,赵静,赵静_431,997,749,东北,长春
1242,张娜,张娜,519,579,西北,西安
1243,马洋,马洋_557,367,433,东北,长春
1244,高伟,高伟_108,959,1124,华东,济南
1245,林明,林明,486,1315,西北,银川
1246,张磊,张磊,517,1150,西北,兰州
1247,胡芳,胡芳_850,174,330,华北,北京
1248,何芳Tech,何芳Tech_659,778,1296,华南,南宁
1249,林明,林明,779,976,华北,北京
1250,王娜,王娜_521,491,883,华东,济南
1251,张杰,张杰,899,1370,东北,哈尔滨
1252,孙丽,孙丽,236,842,华中,郑州
1253,郭军_Pro,郭军_Pro,593,1227,西北,西安
1254,周磊,周磊,500,1326,西南,贵阳
1255,刘勇,刘勇_339,977,951,东北,沈阳
1256,马洋,马洋_735,879,762,华北,太原
1257,张明,张明_220,564,1132,华北,太原
1258,何敏_Pro,何敏_Pro,560,1347,西南,成都
1259,孙霞2024,孙霞2024,659,805,西北,银川
1260,陈海@AI,陈海@AI_491,709,687,东北,长春
1261,周敏@AI,周敏@AI_979,469,1458,东北,哈尔滨
1262,罗静2024,罗静2024,407,1022,华北,石家庄
1263,黄明,黄明,797,1195,西北,银川
1264,陈明,陈明,275,391,东北,长春
1265,黄强,黄强_388,832,333,华南,广州
1266,徐霞,徐霞,484,1305,华南,佛山
1267,吴敏,吴敏,943,457,西南,昆明
1268,朱杰,朱杰_394,890,1131,西北,银川
1269,吴洋,吴洋,574,1016,华中,长沙
1270,罗鹏@AI,罗鹏@AI_418,389,426,东北,长春
1271,王静,王静_680,949,1003,西南,成都
1272,徐峰2024,徐峰2024,690,465,东北,大连
1273,吴燕@AI,吴燕@AI_592,171,1429,华东,福州
1274,马磊,马磊_209,967,449,西北,银川
1275,赵杰,赵杰,934,408,华北,天津
1276,林军_Pro,林军_Pro,349,996,西北,兰州
1277,高霞,高霞_960,896,1003,华东,合肥
1278,罗勇Tech,罗勇Tech_451,419,562,华北,石家庄
1279,高辉,高辉_612,765,1024,华东,杭州
1280,胡芳@AI,胡芳@AI,240,718,东北,沈阳
1281,李明,李明_232,352,1052,西北,西宁
1282,孙静,孙静_397,575,403,华中,郑州
1283,徐静,徐静_707,788,747,东北,沈阳
1284,陈海,陈海_683,710,578,西南,重庆
1285,李磊,李磊_893,610,693,东北,哈尔滨
1286,张伟,张伟,799,802,华北,石家庄
1287,何辉,何辉,581,961,华中,郑州
1288,王海,王海,262,386,华北,呼和浩特
1289,林伟Tech,林伟Tech_880,882,520,西北,乌鲁木齐
1290,罗强Tech,罗强Tech,320,1085,西北,兰州
1291,周娜@AI,周娜@AI,542,1404,西南,拉萨
1292,陈峰,陈峰_109,921,981,华南,珠海
1293,何燕,何燕_515,131,771,西南,重庆
1294,胡鹏,胡鹏_189,833,984,东北,大连
1295,黄霞,黄霞_593,233,1369,西北,银川
1296,李军@AI,李军@AI_980,679,1276,西南,拉萨
1297,林杰_Pro,林杰_Pro_633,852,339,西北,乌鲁木齐
1298,黄强,黄强,950,670,东北,大连
1299,朱娜,朱娜,897,580,华东,杭州
1300,胡杰DISC,胡杰DISC,554,647,东北,大连
1301,徐霞,徐霞_584,741,1021,华东,福州
1302,张磊,张磊_345,121,837,西北,乌鲁木齐
1303,黄辉Tech,黄辉Tech_859,541,1110,华北,天津
1304,林燕,林燕_666,394,1225,华南,佛山
1305,孙辉,孙辉,517,379,华南,南宁
1306,马涛,马涛_836,565,356,西南,重庆
1307,胡明,胡明_885,395,756,东北,沈阳
1308,陈涛,陈涛_454,839,1180,东北,长春
1309,郭辉Tech,郭辉Tech,823,854,东北,大连
1310,王丽_Pro,王丽_Pro_563,160,1199,东北,大连
1311,罗勇,罗勇,862,1333,华中,郑州
1312,张军Tech,张军Tech_163,379,376,东北,沈阳
1313,何峰2024,何峰2024,136,680,西南,昆明
1314,胡敏,胡敏_942,931,302,华东,福州
1315,张勇,张勇_793,264,396,西北,西宁
1316,黄海2024,黄海2024_985,175,1164,华中,南昌
1317,杨强@AI,杨强@AI_778,180,1363,西南,重庆
1318,王鹏@AI,王鹏@AI,793,787,华东,上海
1319,徐霞DISC,徐霞DISC,811,317,西北,银川
1320,高敏,高敏,866,971,东北,哈尔滨
1321,陈军,陈军_385,529,1282,华南,佛山
1322,陈燕,陈燕,187,655,华南,珠海
1323,吴芳Tech,吴芳Tech,195,1287,华北,太原
1324,陈鹏DISC,陈鹏DISC,707,1464,华南,南宁
1325,林燕,林燕,468,377,东北,沈阳
1326,孙勇,孙勇_697,372,632,西南,昆明
1327,何鹏2024,何鹏2024,452,469,华东,济南
1328,李杰,李杰_623,860,1453,华东,上海
1329,徐洋_Pro,徐洋_Pro,787,1453,华东,南京
1330,胡峰_Pro,胡峰_Pro,510,931,西北,银川
1331,王丽2024,王丽2024,175,1440,华中,长沙
1332,高涛2024,高涛2024,874,1127,西南,拉萨
1333,李燕,李燕,837,1062,东北,大连
1334,林燕Tech,林燕Tech,643,446,华北,太原
1335,胡杰,胡杰,956,1418,东北,长春
1336,何峰,何峰,665,1337,东北,大连
1337,罗娜,罗娜,256,631,华南,南宁
1338,郭涛_Pro,郭涛_Pro_736,554,578,东北,沈阳
1339,高燕,高燕,181,1217,西北,西宁
1340,李峰_Pro,李峰_Pro,533,779,华东,合肥
1341,孙霞2024,孙霞2024,195,1441,东北,沈阳
1342,徐鹏,徐鹏_454,276,905,华北,太原
1343,周杰Tech,周杰Tech,498,1407,西北,西安
1344,高明,高明_643,840,1136,西南,重庆
1345,罗霞,罗霞,431,1439,西南,拉萨
1346,胡强DISC,胡强DISC,214,885,西北,兰州
1347,赵涛@AI,赵涛@AI,292,1371,东北,沈阳
1348,周杰,周杰_265,193,429,华北,天津
1349,黄霞,黄霞,841,1166,西北,西安
1350,刘明,刘明,317,1465,东北,沈阳
1351,罗娜,罗娜,205,1302,华北,呼和浩特
1352,吴涛,吴涛,615,591,华东,合肥
1353,林勇_Pro,林勇_Pro_577,522,441,华东,南昌
1354,孙辉_Pro,孙辉_Pro,642,1046,华南,珠海
1355,张强@AI,张强@AI_498,334,975,西南,拉萨
1356,林丽,林丽,833,745,华东,南昌
1357,陈强,陈强_546,866,873,华北,北京
1358,胡峰Tech,胡峰Tech,417,1301,华北,天津
1359,何磊Tech,何磊Tech_451,943,309,华南,南宁
1360,罗鹏DISC,罗鹏DISC,607,1128,西北,西安
1361,马燕,马燕_811,534,1485,西南,昆明
1362,高峰,高峰_746,685,907,华东,杭州
1363,朱霞,朱霞,880,737,华东,福州
1364,孙峰,孙峰,759,1176,华北,石家庄
1365,孙鹏@AI,孙鹏@AI_382,737,1184,华东,南京
1366,刘杰,刘杰_178,425,704,东北,大连
1367,吴娜,吴娜,265,756,华南,广州
1368,杨伟,杨伟,897,691,西南,拉萨
1369,胡芳,胡芳,473,1108,西北,兰州
1370,杨丽,杨丽,159,429,西北,银川
1371,马辉,马辉,342,1122,华南,南宁
1372,朱军,朱军,426,1354,东北,长春
1373,罗强@AI,罗强@AI,870,1482,西北,西宁
1374,马勇,马勇_740,758,1374,华南,佛山
1375,孙军,孙军_190,735,300,华北,石家庄
1376,何丽_Pro,何丽_Pro,197,1050,华北,石家庄
1377,刘磊,刘磊,925,812,华北,太原
1378,罗鹏,罗鹏_780,917,399,华东,南京
1379,张鹏Tech,张鹏Tech,532,1016,西北,兰州
1380,李洋,李洋,364,744,西南,贵阳
1381,黄燕,黄燕_601,496,1004,华东,济南
1382,胡明,胡明_755,553,763,华中,长沙
1383,高燕,高燕_861,508,449,华中,郑州
1384,马鹏,马鹏,637,685,华北,太原
1385,杨静,杨静,641,1180,西南,昆明
1386,朱海,朱海,257,1172,东北,哈尔滨
1387,徐鹏_Pro,徐鹏_Pro,921,485,西北,乌鲁木齐
1388,周勇,周勇,642,701,华南,佛山
1389,胡燕,胡燕_312,497,1002,华北,天津
1390,孙海,孙海_346,880,1187,东北,沈阳
1391,李敏@AI,李敏@AI_559,961,1096,华东,杭州
1392,何芳,何芳_317,257,1318,西北,兰州
1393,罗军,罗军,863,1109,东北,大连
1394,马伟,马伟,423,375,西南,拉萨
1395,周海,周海_336,978,1386,华中,长沙
1396,杨海,杨海_347,996,586,西北,西宁
1397,胡强,胡强_265,384,1230,西南,贵阳
1398,李洋,李洋,409,708,东北,沈阳
1399,何海,何海,458,848,西北,兰州
1400,张伟,张伟,388,1257,华中,长沙
1401,孙涛,孙涛,936,948,华东,南昌
1402,周燕,周燕,418,360,西北,兰州
1403,徐伟,徐伟,120,712,华中,南昌
1404,张强,张强,913,450,华中,长沙
1405,赵洋2024,赵洋2024_102,489,1053,东北,大连
1406,林丽,林丽,638,1399,华南,深圳
1407,杨静,杨静,894,848,华南,广州
1408,刘静,刘静,767,632,东北,大连
1409,李磊,李磊_896,393,804,东北,大连
1410,徐鹏,徐鹏,936,1347,西南,重庆
1411,陈鹏,陈鹏,621,486,东北,长春
1412,徐燕,徐燕,463,879,华东,杭州
1413,张辉,张辉_722,306,1432,华北,太原
1414,胡洋2024,胡洋2024_712,684,345,西北,乌鲁木齐
1415,黄静,黄静,842,687,华南,佛山
1416,朱伟,朱伟_215,351,850,华南,海口
1417,徐涛_Pro,徐涛_Pro_905,431,362,西北,兰州
1418,陈霞,陈霞_231,708,353,西北,西安
1419,李勇,李勇,612,1133,西南,贵阳
1420,陈明2024,陈明2024_446,586,319,西北,乌鲁木齐
1421,胡杰_Pro,胡杰_Pro_837,589,1026,西北,西安
1422,高涛DISC,高涛DISC,372,1241,华南,南宁
1423,罗峰2024,罗峰2024,128,1129,华中,长沙
1424,朱洋,朱洋_539,197,1342,华中,长沙
1425,吴军,吴军,274,768,华中,武汉
1426,陈芳,陈芳_656,340,737,西北,西宁
1427,刘静,刘静,245,931,华北,北京
1428,徐静,徐静_739,553,995,华南,深圳
1429,罗海Tech,罗海Tech_598,827,1204,东北,大连
1430,马霞Tech,马霞Tech,840,360,西南,拉萨
1431,赵涛,赵涛,392,1179,西南,成都
1432,罗辉DISC,罗辉DISC,305,1058,西南,贵阳
1433,孙丽,孙丽_829,169,787,华北,石家庄
1434,吴静2024,吴静2024_464,520,980,华北,呼和浩特
1435,马辉,马辉,579,1244,华南,广州
1436,郭霞,郭霞_286,973,1403,华北,石家庄
1437,何军,何军_933,657,1034,西北,银川
1438,陈娜,陈娜,552,602,华南,广州
1439,朱静Tech,朱静Tech,954,1377,华北,天津
1440,胡洋Tech,胡洋Tech,417,1170,华东,南昌
1441,王海,王海,788,1136,华中,武汉
1442,杨丽,杨丽_749,623,1319,华东,合肥
1443,朱芳,朱芳,796,1335,西南,贵阳
1444,林洋,林洋,886,464,东北,大连
1445,刘鹏,刘鹏,341,1409,东北,大连
1446,周燕2024,周燕2024_256,470,503,西北,乌鲁木齐
1447,何军DISC,何军DISC,955,409,西南,拉萨
1448,黄强,黄强_218,182,590,西北,西安
1449,高杰,高杰,311,1398,西南,成都
1450,张明,张明_241,263,640,西南,昆明
1451,胡峰,胡峰,939,354,华中,长沙
1452,郭芳,郭芳_277,234,936,华北,太原
1453,何杰2024,何杰2024_877,639,635,东北,大连
1454,何磊_Pro,何磊_Pro_906,790,400,华南,深圳
1455,陈伟,陈伟,326,1162,西南,重庆
1456,罗静_Pro,罗静_Pro_376,195,1477,华中,郑州
1457,李军@AI,李军@AI_149,720,1002,东北,沈阳
1458,郭敏,郭敏,633,1420,华东,杭州
1459,高娜,高娜_326,988,1064,西南,成都
1460,高军,高军,547,1111,华中,武汉
1461,李鹏,李鹏,725,1191,华北,天津
1462,刘勇,刘勇,656,1094,华东,杭州
1463,吴伟,吴伟_300,283,1103,华北,太原
1464,何勇,何勇,735,619,西南,昆明
1465,郭峰,郭峰_377,477,1400,华中,武汉
1466,徐海,徐海_582,294,1117,华东,南京
1467,赵丽DISC,赵丽DISC,672,431,西北,西宁
1468,徐静,徐静_431,893,1042,华东,上海
1469,徐明,徐明,747,416,东北,沈阳
1470,高鹏,高鹏_744,303,327,西北,西安
1471,刘军,刘军,104,301,华北,石家庄
1472,孙伟,孙伟,421,617,华东,济南
1473,周军,周军,626,1375,华北,太原
1474,李燕,李燕_389,620,537,华南,珠海
1475,王敏DISC,王敏DISC,761,836,东北,沈阳
1476,何辉,何辉,370,1342,华南,海口
1477,李磊@AI,李磊@AI,142,710,华南,海口
1478,赵明,赵明_643,124,601,东北,哈尔滨
1479,吴丽Tech,吴丽Tech_298,948,1173,西南,贵阳
1480,杨丽,杨丽,146,742,华北,北京
1481,周洋,周洋_167,471,1322,华北,石家庄
1482,徐强,徐强_544,742,1228,华中,南昌
1483,罗杰,罗杰,495,877,西北,西宁
1484,孙杰,孙杰_843,140,1090,西北,兰州
1485,高勇,高勇,353,818,西北,西安
1486,孙强,孙强,247,1090,华南,深圳
1487,陈伟_Pro,陈伟_Pro_733,955,835,华北,呼和浩特
1488,刘燕,刘燕_771,294,945,华中,武汉
1489,林伟,林伟,710,844,华南,珠海
1490,吴海,吴海,620,1365,华东,南昌
1491,王洋,王洋,180,937,华中,武汉
1492,张军DISC,张军DISC,260,1407,西南,重庆
1493,孙明,孙明_562,917,1139,华东,南京
1494,李丽,李丽_593,850,917,西北,西安
1495,赵洋DISC,赵洋DISC_454,815,824,华北,天津
1496,郭静2024,郭静2024_958,990,350,华中,长沙
1497,李霞,李霞,372,1474,东北,长春
1498,高海,高海,263,303,华中,南昌
1499,周磊,周磊,201,704,华北,太原
1500,王鹏DISC,王鹏DISC_820,107,1166,华中,武汉
1501,刘海@AI,刘海@AI_483,721,979,华东,南京
1502,何芳,何芳,812,1432,华中,南昌
1503,杨鹏,杨鹏,140,354,华北,石家庄
1504,高静,高静,691,550,华南,佛山
1505,徐军,徐军,106,487,西南,重庆
1506,黄海DISC,黄海DISC_893,619,1296,西南,重庆
1507,杨磊,杨磊,484,1194,华南,珠海
1508,朱丽,朱丽,670,830,华中,武汉
1509,郭明,郭明_716,878,475,西南,拉萨
1510,马芳,马芳_671,493,1113,东北,沈阳
1511,何洋,何洋_603,405,984,华北,北京
1512,赵静Tech,赵静Tech_817,530,1137,西北,西安
1513,林洋,林洋_741,117,698,西北,西安
1514,黄伟,黄伟_588,401,1327,华中,武汉
1515,杨勇,杨勇_504,373,719,华中,长沙
1516,杨丽,杨丽,753,1395,西南,成都
1517,王明,王明,747,639,华北,天津
1518,郭静2024,郭静2024_141,292,758,华东,上海
1519,黄娜,黄娜_851,955,498,华中,郑州
1520,林明,林明,285,604,西南,成都
1521,李勇,李勇,710,1204,东北,长春
1522,孙军DISC,孙军DISC,949,759,西南,贵阳
1523,周杰,周杰,250,613,东北,沈阳
1524,朱丽,朱丽,304,778,西北,乌鲁木齐
1525,马勇,马勇_356,732,354,华中,长沙
1526,赵伟,赵伟_405,465,879,华南,珠海
1527,郭洋@AI,郭洋@AI,287,915,华中,长沙
1528,徐杰,徐杰,658,713,华南,珠海
1529,何洋2024,何洋2024_771,880,1357,华北,北京
1530,陈敏,陈敏_558,914,643,华南,佛山
1531,徐峰Tech,徐峰Tech,657,709,西北,银川
1532,杨伟,杨伟_284,246,306,华中,南昌
1533,高磊2024,高磊2024_132,396,766,东北,哈尔滨
1534,黄明Tech,黄明Tech,243,1286,华南,佛山
1535,罗芳,罗芳_743,848,580,西北,银川
1536,高丽DISC,高丽DISC_947,976,1095,华南,广州
1537,李敏2024,李敏2024,725,1306,西北,兰州
1538,杨敏,杨敏_472,991,1130,华北,太原
1539,何军,何军_299,202,591,华北,石家庄
1540,林磊,林磊,291,898,华中,武汉
1541,周娜_Pro,周娜_Pro,702,675,华南,海口
1542,周杰,周杰_377,282,1326,西南,贵阳
1543,李辉,李辉,504,335,华北,太原
1544,马洋,马洋_197,743,1050,华北,石家庄
1545,林静,林静_680,201,997,西南,昆明
1546,李明,李明,381,1434,东北,大连
1547,孙海,孙海,291,390,华东,济南
1548,吴敏,吴敏_428,420,466,华中,郑州
1549,杨娜2024,杨娜2024,970,478,华中,长沙
1550,刘燕_Pro,刘燕_Pro_788,195,944,东北,长春
1551,杨明Tech,杨明Tech_298,598,1331,东北,长春
1552,赵辉,赵辉_985,200,1030,华北,呼和浩特
1553,罗军,罗军_686,379,534,东北,沈阳
1554,杨敏,杨敏,170,783,西南,重庆
1555,杨敏,杨敏,995,537,华南,海口
1556,胡洋,胡洋_350,494,874,东北,沈阳
1557,孙强,孙强,114,714,华南,深圳
1558,郭海,郭海,869,951,华北,石家庄
1559,徐燕@AI,徐燕@AI,443,474,华东,南昌
1560,胡磊,胡磊_936,474,1145,华南,广州
1561,罗峰,罗峰,999,839,华南,佛山
1562,刘娜,刘娜_716,422,1114,华南,南宁
1563,陈鹏_Pro,陈鹏_Pro_989,791,1393,东北,沈阳
1564,郭洋_Pro,郭洋_Pro,530,1058,西北,兰州
1565,郭娜DISC,郭娜DISC,653,1009,东北,大连
1566,林海@AI,林海@AI,838,888,华南,广州
1567,马峰,马峰_337,577,609,华东,合肥
1568,高辉,高辉,952,948,华东,杭州
1569,胡强,胡强,318,1374,东北,大连
1570,李鹏,李鹏_600,234,1112,华东,合肥
1571,周海,周海,724,705,西南,昆明
1572,林勇,林勇,246,561,华东,南昌
1573,徐磊,徐磊_389,733,695,西北,西安
1574,何辉Tech,何辉Tech,520,1372,华南,佛山
1575,何丽,何丽,733,1228,东北,沈阳
1576,张明,张明,992,994,西北,乌鲁木齐
1577,王涛,王涛_827,841,1314,华东,福州
1578,刘敏DISC,刘敏DISC_642,118,1059,华南,海口
1579,李敏,李敏_667,467,1492,西南,成都
1580,吴强,吴强,800,314,华东,上海
1581,李涛,李涛_745,371,952,华南,深圳
1582,马静@AI,马静@AI_361,737,1042,华南,深圳
1583,陈芳,陈芳,138,784,华东,杭州
1584,高海,高海,667,490,西南,拉萨
1585,王杰,王杰_425,987,1092,西北,西安
1586,郭磊,郭磊_100,765,480,西北,西宁
1587,高霞,高霞,361,1380,西南,拉萨
1588,吴霞,吴霞_943,380,1138,华南,佛山
1589,陈静,陈静_121,452,1040,华北,石家庄
1590,黄洋,黄洋,447,720,华南,广州
1591,郭强,郭强_333,482,929,华中,长沙
1592,孙峰,孙峰_141,122,366,西北,兰州
1593,朱涛2024,朱涛2024,898,1232,西南,拉萨
1594,刘丽@AI,刘丽@AI_674,982,1403,华北,石家庄
1595,胡芳,胡芳,190,1436,华中,长沙
1596,胡峰,胡峰_446,321,414,华中,武汉
1597,马芳,马芳,800,824,西南,贵阳
1598,罗霞,罗霞_171,244,334,华南,南宁
1599,朱涛,朱涛_863,839,692,华北,石家庄
1600,郭涛,郭涛_624,549,1293,西北,乌鲁木齐
1601,朱磊,朱磊,371,420,华中,郑州
1602,郭涛@AI,郭涛@AI,308,646,华北,呼和浩特
1603,郭军,郭军_817,670,616,华东,福州
1604,王敏,王敏,380,1138,西北,兰州
1605,周海DISC,周海DISC,247,1128,华南,南宁
1606,王伟,王伟,664,1132,西南,成都
1607,赵明,赵明,881,843,华北,北京
1608,马燕,马燕,594,854,华东,福州
1609,胡洋,胡洋,961,849,华中,武汉
1610,孙静,孙静,478,455,东北,哈尔滨
1611,陈明2024,陈明2024,483,1173,西北,兰州
1612,王明Tech,王明Tech,514,957,华南,深圳
1613,胡丽,胡丽,539,727,华南,南宁
1614,刘勇,刘勇,911,775,华东,南京
1615,吴霞DISC,吴霞DISC,186,1229,西北,乌鲁木齐
1616,高海Tech,高海Tech,291,969,西北,西宁
1617,刘峰,刘峰_360,821,1149,华南,海口
1618,刘辉,刘辉_305,622,843,华中,长沙
1619,黄丽,黄丽_719,154,474,华东,南京
1620,王伟,王伟,419,1224,西北,西安
1621,李燕,李燕_982,246,625,华北,天津
1622,杨杰,杨杰,327,1425,华南,深圳
1623,周燕,周燕_573,706,437,西北,西安
1624,罗杰,罗杰,817,1400,西南,重庆
1625,陈敏,陈敏,678,1167,华南,深圳
1626,李涛,李涛,492,563,西南,重庆
1627,郭燕DISC,郭燕DISC,716,704,华中,武汉
1628,孙洋,孙洋,347,1306,西北,银川
1629,马磊,马磊,478,807,西北,西安
1630,马海Tech,马海Tech,486,679,华南,海口
1631,徐峰2024,徐峰2024_955,657,1186,东北,大连
1632,张勇,张勇,486,604,西南,重庆
1633,罗鹏,罗鹏_887,370,1495,西南,重庆
1634,罗涛,罗涛,770,1198,东北,长春
1635,赵伟,赵伟,378,1484,西北,西宁
1636,孙霞@AI,孙霞@AI_288,448,435,华中,武汉
1637,刘丽,刘丽,346,430,东北,长春
1638,高霞,高霞,951,539,华中,长沙
1639,胡芳@AI,胡芳@AI_916,355,1455,西北,银川
1640,刘鹏,刘鹏,422,1221,华南,南宁
1641,赵勇,赵勇_972,151,889,华中,南昌
1642,胡洋@AI,胡洋@AI_301,228,836,华南,佛山
1643,吴辉,吴辉_540,650,911,西北,银川
1644,赵军,赵军,637,443,华东,杭州
1645,孙军,孙军,711,339,西南,昆明
1646,刘杰,刘杰,364,1381,西北,乌鲁木齐
1647,张杰,张杰_220,832,1386,华中,长沙
1648,王辉,王辉_805,268,1316,西南,拉萨
1649,张娜,张娜_183,568,375,华南,深圳
1650,吴辉,吴辉_561,947,528,华中,武汉
1651,郭军,郭军,794,580,华南,珠海
1652,胡峰,胡峰_869,950,1073,西北,乌鲁木齐
1653,孙杰2024,孙杰2024_455,838,347,东北,大连
1654,何军2024,何军2024_571,339,1387,西北,乌鲁木齐
1655,林鹏,林鹏_408,827,670,华北,天津
1656,林海DISC,林海DISC,705,1250,华中,南昌
1657,刘丽,刘丽,883,1091,华南,佛山
1658,郭峰2024,郭峰2024,437,423,华中,长沙
1659,郭静,郭静,504,1368,华北,北京
1660,林伟DISC,林伟DISC_542,243,894,华南,珠海
1661,周峰,周峰_247,572,391,华东,济南
1662,胡杰Tech,胡杰Tech_682,542,976,西南,昆明
1663,徐明@AI,徐明@AI_901,374,659,华东,福州
1664,周丽DISC,周丽DISC_741,808,454,华南,广州
1665,杨鹏,杨鹏_440,349,718,华南,佛山
1666,王峰,王峰_710,463,804,华东,上海
1667,朱勇,朱勇,471,798,西南,贵阳
1668,周峰_Pro,周峰_Pro_442,809,832,华中,长沙
1669,陈辉,陈辉,276,962,华东,杭州
1670,马辉DISC,马辉DISC,148,1420,西北,兰州
1671,黄洋_Pro,黄洋_Pro,497,409,西北,西宁
1672,罗峰DISC,罗峰DISC,974,1289,西北,西宁
1673,李海Tech,李海Tech_245,965,1121,华北,太原
1674,高娜,高娜_519,142,1015,西南,贵阳
1675,朱勇,朱勇_260,232,1374,东北,大连
1676,李洋,李洋_574,831,1317,西南,重庆
1677,周洋,周洋,500,840,西北,乌鲁木齐
1678,胡峰_Pro,胡峰_Pro_792,679,526,西北,乌鲁木齐
1679,林峰,林峰,265,974,华中,武汉
1680,高杰,高杰,862,1020,西南,昆明
1681,周强,周强,117,1412,东北,沈阳
1682,林伟_Pro,林伟_Pro_956,904,1183,华东,南京
1683,张磊,张磊,729,733,西北,乌鲁木齐
1684,周磊_Pro,周磊_Pro_302,996,801,华南,深圳
1685,朱军,朱军_475,113,441,华中,武汉
1686,刘强2024,刘强2024,936,1152,东北,长春
1687,高洋,高洋_422,410,1085,东北,哈尔滨
1688,周霞,周霞,504,560,华北,石家庄
1689,孙娜,孙娜_791,965,819,华东,济南
1690,刘伟DISC,刘伟DISC_362,454,413,华北,石家庄
1691,张海,张海,647,1432,西南,重庆
1692,徐娜,徐娜,935,1418,华东,上海
1693,刘磊,刘磊,116,753,华中,武汉
1694,徐强,徐强,477,962,华南,珠海
1695,胡明,胡明_794,135,1160,西南,拉萨
1696,高燕Tech,高燕Tech_687,367,881,东北,哈尔滨
1697,杨涛,杨涛,757,973,华东,南昌
1698,李娜@AI,李娜@AI,709,405,西北,兰州
1699,朱军,朱军_883,594,1372,华北,太原
1700,李敏_Pro,李敏_Pro,465,1163,西南,贵阳
1701,王霞_Pro,王霞_Pro_681,759,344,华南,佛山
1702,周明@AI,周明@AI,775,543,华南,深圳
1703,郭鹏,郭鹏,128,736,华东,杭州
1704,郭娜@AI,郭娜@AI,234,1042,华东,杭州
1705,林燕,林燕_163,978,688,东北,大连
1706,高杰,高杰_279,235,1017,华北,石家庄
1707,陈辉,陈辉_915,750,1382,西北,兰州
1708,朱明,朱明_832,629,426,华北,石家庄
1709,周峰,周峰_510,800,400,华中,郑州
1710,吴娜,吴娜_577,254,437,华东,南京
1711,周敏2024,周敏2024_101,656,772,西南,昆明
1712,黄强_Pro,黄强_Pro_601,966,892,东北,长春
1713,黄伟,黄伟,682,778,西北,西安
1714,李芳,李芳_447,197,665,东北,大连
1715,罗芳,罗芳,379,756,西北,兰州
1716,马磊Tech,马磊Tech,616,924,西南,贵阳
1717,罗伟,罗伟_548,857,367,西南,贵阳
1718,周敏,周敏,171,1304,华北,天津
1719,高娜2024,高娜2024,768,676,西北,西安
1720,黄娜,黄娜,719,707,西北,兰州
1721,徐洋Tech,徐洋Tech_631,750,922,华北,北京
1722,赵强Tech,赵强Tech,714,1071,西北,乌鲁木齐
1723,胡敏,胡敏_947,594,402,华北,呼和浩特
1724,李丽,李丽,580,1011,西南,贵阳
1725,王军,王军,787,481,华东,合肥
1726,何磊,何磊,763,572,华中,长沙
1727,陈伟,陈伟,867,579,东北,沈阳
1728,林明,林明,968,1192,东北,哈尔滨
1729,朱明,朱明,289,1104,华北,石家庄
1730,吴辉@AI,吴辉@AI_972,257,1191,西北,西宁
1731,陈涛,陈涛,822,1100,华中,南昌
1732,徐勇,徐勇,524,517,东北,哈尔滨
1733,马霞,马霞,733,683,华东,上海
1734,胡峰,胡峰_578,659,384,华东,福州
1735,刘海Tech,刘海Tech,144,475,西南,昆明
1736,徐丽,徐丽,515,1163,西南,拉萨
1737,林丽,林丽,272,813,西南,拉萨
1738,张勇DISC,张勇DISC_288,862,333,西南,成都
1739,郭静,郭静,467,1135,华中,武汉
1740,周敏Tech,周敏Tech_678,456,1426,西南,拉萨
1741,罗鹏,罗鹏,993,576,华南,南宁
1742,高军,高军,735,1022,华北,太原
1743,吴敏,吴敏_692,988,1122,华北,天津
1744,徐丽,徐丽,985,613,东北,沈阳
1745,黄敏@AI,黄敏@AI,983,1435,西北,西宁
1746,罗鹏,罗鹏_515,232,330,华中,武汉
1747,郭军,郭军_651,633,937,华中,武汉
1748,胡伟,胡伟,845,713,华中,郑州
1749,刘辉,刘辉,937,907,华东,济南
1750,赵静,赵静_200,522,628,华中,武汉
1751,罗峰,罗峰_425,460,658,华南,珠海
1752,黄涛,黄涛,815,778,华南,深圳
1753,高芳@AI,高芳@AI,289,1302,华北,天津
1754,朱勇@AI,朱勇@AI,680,838,华中,南昌
1755,刘芳,刘芳,1000,484,华南,南宁
1756,徐辉,徐辉,751,942,华南,广州
1757,刘军,刘军_897,754,428,华南,深圳
1758,何霞_Pro,何霞_Pro,244,670,东北,大连
1759,张洋,张洋,236,890,西南,拉萨
1760,刘勇DISC,刘勇DISC,624,1282,西北,兰州
1761,马娜,马娜,648,1479,西南,贵阳
1762,刘静,刘静_101,150,419,华中,郑州
1763,赵芳,赵芳,162,861,华南,佛山
1764,刘涛,刘涛_683,553,1202,华北,石家庄
1765,王霞Tech,王霞Tech,187,923,东北,大连
1766,李敏,李敏_406,689,830,华中,南昌
1767,何涛,何涛_904,347,449,西北,乌鲁木齐
1768,马明,马明_527,101,998,华南,南宁
1769,周峰2024,周峰2024,294,950,华东,南京
1770,周勇DISC,周勇DISC,434,438,华北,石家庄
1771,陈强,陈强,722,697,西南,成都
1772,徐洋DISC,徐洋DISC_623,986,451,东北,大连
1773,黄涛,黄涛,580,1067,东北,大连
1774,林明Tech,林明Tech_858,972,1090,东北,大连
1775,李勇,李勇,554,980,西北,西安
1776,罗磊,罗磊,228,1248,华中,武汉
1777,胡丽,胡丽_565,853,1446,东北,哈尔滨
1778,徐磊@AI,徐磊@AI_292,650,785,华东,南京
1779,林娜DISC,林娜DISC_938,712,417,东北,大连
1780,刘明Tech,刘明Tech,737,1233,东北,沈阳
1781,赵勇DISC,赵勇DISC,869,588,华东,南昌
1782,黄明2024,黄明2024,620,1005,华南,珠海
1783,孙明,孙明_347,933,855,西北,乌鲁木齐
1784,赵鹏DISC,赵鹏DISC,683,1127,华北,北京
1785,王杰DISC,王杰DISC_160,918,679,华北,石家庄
1786,罗峰,罗峰_941,829,761,华中,武汉
1787,周军,周军,817,528,华东,上海
1788,刘军,刘军,964,1077,华南,珠海
1789,王勇,王勇_609,725,863,西南,重庆
1790,马峰2024,马峰2024_581,552,998,华东,南京
1791,张燕DISC,张燕DISC,829,387,东北,哈尔滨
1792,杨杰,杨杰_155,637,654,华北,呼和浩特
1793,杨敏DISC,杨敏DISC,270,1263,华东,福州
1794,王涛,王涛,149,507,西北,乌鲁木齐
1795,王娜2024,王娜2024_455,118,1412,华北,天津
1796,马磊,马磊,929,1266,东北,沈阳
1797,李娜,李娜,225,449,东北,大连
1798,孙磊2024,孙磊2024_657,696,1345,华北,石家庄
1799,陈鹏,陈鹏,883,1496,西南,重庆
1800,周海2024,周海2024,999,742,华中,南昌
1801,李海,李海,775,578,西南,重庆
1802,高鹏,高鹏_712,473,1103,华中,南昌
1803,杨海,杨海,190,994,华中,长沙
1804,胡伟_Pro,胡伟_Pro,544,796,东北,哈尔滨
1805,赵军,赵军_245,281,1183,华北,北京
1806,何静,何静_808,857,725,华东,南昌
1807,陈敏2024,陈敏2024,423,1446,西南,昆明
1808,徐涛,徐涛_436,578,573,西北,西宁
1809,胡峰,胡峰_715,396,887,华东,南昌
1810,林静,林静_244,320,862,西北,乌鲁木齐
1811,何洋_Pro,何洋_Pro_469,242,770,华中,南昌
1812,李敏,李敏,830,682,东北,大连
1813,高海,高海_918,628,1113,西北,兰州
1814,徐伟,徐伟,400,744,西北,西安
1815,李辉,李辉_743,707,706,西北,乌鲁木齐
1816,张燕,张燕_306,479,839,西北,银川
1817,黄丽,黄丽,991,720,东北,哈尔滨
1818,吴霞,吴霞_395,547,439,华中,长沙
1819,马强_Pro,马强_Pro,664,1459,华北,天津
1820,黄磊,黄磊_634,491,1370,华南,南宁
1821,孙明,孙明,236,1293,东北,长春
1822,何明,何明_759,967,615,西南,昆明
1823,郭芳,郭芳,165,883,华东,济南
1824,黄军,黄军_169,424,1500,西南,拉萨
1825,林峰,林峰,289,373,东北,大连
1826,胡丽,胡丽,801,444,华中,郑州
1827,马敏,马敏,368,515,东北,大连
1828,陈丽,陈丽,746,848,华中,南昌
1829,王伟,王伟_608,584,1459,华北,北京
1830,高静,高静,470,562,华中,长沙
1831,王磊,王磊_680,298,1038,西北,银川
1832,朱鹏,朱鹏_742,752,507,华南,珠海
1833,刘军,刘军,363,512,西南,拉萨
1834,朱峰2024,朱峰2024,436,1271,华北,呼和浩特
1835,杨静@AI,杨静@AI,246,867,华中,郑州
1836,马明,马明,485,359,西北,兰州
1837,朱涛,朱涛_955,291,719,华东,合肥
1838,赵霞2024,赵霞2024,632,863,西南,成都
1839,杨娜,杨娜,365,1092,西北,西宁
1840,吴洋,吴洋_833,537,742,西北,银川
1841,吴芳Tech,吴芳Tech_480,135,458,西北,兰州
1842,陈丽,陈丽,223,1384,华北,北京
1843,赵峰,赵峰_797,344,1268,东北,长春
1844,王军,王军_330,766,1240,西南,昆明
1845,刘勇,刘勇_630,142,1500,华南,广州
1846,张磊Tech,张磊Tech_846,235,688,华南,海口
1847,胡涛Tech,胡涛Tech,234,1285,华南,深圳
1848,刘鹏,刘鹏_466,640,1335,华东,南京
1849,李敏,李敏_474,131,799,东北,沈阳
1850,郭静@AI,郭静@AI_805,609,513,华南,深圳
1851,高海,高海_777,711,369,西南,昆明
1852,高辉,高辉_710,207,341,西南,成都
1853,赵伟,赵伟,541,953,西北,银川
1854,罗芳,罗芳_531,517,995,西南,成都
1855,马勇DISC,马勇DISC,190,939,西南,重庆
1856,王伟,王伟,873,565,华南,广州
1857,周峰,周峰,454,1262,华东,南京
1858,李涛,李涛,850,1170,华北,太原
1859,何强2024,何强2024_906,530,509,东北,长春
1860,高明,高明_944,811,1263,华南,海口
1861,杨杰,杨杰_270,619,832,华中,武汉
1862,徐强,徐强_302,796,752,华中,长沙
1863,何勇,何勇,321,693,华中,郑州
1864,杨杰,杨杰_810,232,1256,东北,沈阳
1865,杨娜,杨娜_520,508,1074,华中,南昌
1866,吴洋,吴洋,568,618,华南,广州
1867,罗海,罗海,675,436,华中,长沙
1868,赵辉,赵辉,414,735,西北,银川
1869,赵霞,赵霞,138,848,华中,南昌
1870,郭峰,郭峰_921,555,645,华南,佛山
1871,马军,马军,224,416,华中,郑州
1872,高娜DISC,高娜DISC_561,387,496,华东,上海
1873,赵海_Pro,赵海_Pro_387,618,1194,华北,石家庄
1874,马敏2024,马敏2024_838,323,1373,华南,佛山
1875,林海Tech,林海Tech,983,314,华北,北京
1876,罗勇_Pro,罗勇_Pro_783,983,631,西南,贵阳
1877,朱洋,朱洋,912,565,东北,长春
1878,孙娜,孙娜,710,1491,西北,西宁
1879,赵军@AI,赵军@AI_174,321,924,西南,重庆
1880,徐强,徐强,541,1413,西南,成都
1881,李洋,李洋,542,454,东北,长春
1882,马海,马海,315,552,华中,郑州
1883,郭丽,郭丽_408,804,640,东北,大连
1884,马军,马军,691,348,华北,北京
1885,高明,高明,956,340,华东,合肥
1886,张磊,张磊,241,479,华北,石家庄
1887,高芳DISC,高芳DISC_584,616,592,华东,南昌
1888,杨敏,杨敏,834,1014,华东,福州
1889,李静,李静_823,544,941,华中,南昌
1890,何洋@AI,何洋@AI,519,736,华北,太原
1891,杨燕2024,杨燕2024,607,881,东北,长春
1892,林勇DISC,林勇DISC_385,455,1021,西北,西宁
1893,刘强,刘强_274,604,600,西北,兰州
1894,杨敏,杨敏,444,1388,西南,成都
1895,朱敏DISC,朱敏DISC_553,179,1101,西南,贵阳
1896,陈丽,陈丽_595,362,601,西南,成都
1897,赵丽,赵丽_379,721,738,华南,佛山
1898,杨海,杨海,698,1271,华中,长沙
1899,王勇DISC,王勇DISC_645,521,686,东北,长春
1900,林敏,林敏_196,428,534,西南,重庆
1901,张明,张明_691,870,930,华北,呼和浩特
1902,黄娜,黄娜,379,1185,西南,成都
1903,胡伟,胡伟_325,749,322,华东,合肥
1904,张强Tech,张强Tech_658,820,703,华北,石家庄
1905,赵峰,赵峰,648,1301,东北,大连
1906,孙海,孙海,857,1471,西南,拉萨
1907,徐军,徐军_755,299,393,华中,长沙
1908,罗海,罗海_620,542,1080,东北,哈尔滨
1909,胡勇,胡勇_403,406,1400,西北,乌鲁木齐
1910,徐强_Pro,徐强_Pro_218,335,791,华东,南京
1911,陈静Tech,陈静Tech_897,361,729,华中,武汉
1912,胡伟,胡伟_829,339,317,华东,上海
1913,高燕,高燕,783,537,东北,大连
1914,林军,林军,821,1365,西北,西宁
1915,吴涛,吴涛_781,327,575,华南,广州
1916,张明,张明,814,1269,华南,海口
1917,黄辉,黄辉,410,1398,华中,长沙
1918,徐敏,徐敏,258,360,西南,贵阳
1919,王勇,王勇,484,1039,华东,南昌
1920,郭芳,郭芳_816,138,784,华中,南昌
1921,林燕_Pro,林燕_Pro,184,716,华北,太原
1922,高燕,高燕_260,434,437,华东,南京
1923,孙霞,孙霞_391,950,1145,华南,南宁
1924,李明Tech,李明Tech,442,870,华北,石家庄
1925,胡峰,胡峰_208,583,684,华中,南昌
1926,郭军,郭军,467,851,华南,海口
1927,孙峰Tech,孙峰Tech,930,612,华中,南昌
1928,刘明2024,刘明2024,471,1410,西北,西宁
1929,黄军_Pro,黄军_Pro,637,937,华北,呼和浩特
1930,李峰,李峰,602,873,东北,沈阳
1931,黄伟,黄伟_542,219,637,华东,福州
1932,李杰,李杰_154,367,1252,华东,南京
1933,高涛,高涛,870,1478,华北,石家庄
1934,马勇DISC,马勇DISC,741,1295,华南,珠海
1935,林杰,林杰_191,785,636,华中,郑州
1936,徐军,徐军_794,143,1067,华东,南昌
1937,罗芳,罗芳_490,883,1173,华中,南昌
1938,林娜,林娜,862,963,华南,南宁
1939,周涛DISC,周涛DISC,375,763,华北,石家庄
1940,陈丽,陈丽_494,787,1252,西南,昆明
1941,郭芳,郭芳_351,333,1106,东北,沈阳
1942,林静,林静_977,316,931,西南,拉萨
1943,李娜,李娜_967,841,921,西南,重庆
1944,赵勇_Pro,赵勇_Pro,470,415,华东,南昌
1945,孙磊,孙磊_143,648,555,西南,拉萨
1946,胡鹏@AI,胡鹏@AI,568,618,东北,大连
1947,王辉,王辉_471,211,473,华中,武汉
1948,杨杰_Pro,杨杰_Pro_481,334,366,西南,拉萨
1949,黄涛,黄涛_840,114,1500,华南,佛山
1950,孙强,孙强,374,661,东北,沈阳
1951,张峰,张峰,376,1055,华东,南昌
1952,杨明,杨明,290,1331,东北,哈尔滨
1953,胡峰,胡峰,206,596,华南,佛山
1954,罗磊2024,罗磊2024,759,482,西南,贵阳
1955,刘辉DISC,刘辉DISC_401,772,1425,西北,乌鲁木齐
1956,王伟,王伟,427,1161,西北,银川
1957,林军,林军_542,328,645,华东,上海
1958,何杰@AI,何杰@AI,102,837,西南,拉萨
1959,徐军,徐军_803,694,832,华北,北京
1960,孙燕,孙燕,180,840,华中,郑州
1961,张娜,张娜,827,614,华中,南昌
1962,周勇,周勇_759,275,738,华北,呼和浩特
1963,王娜Tech,王娜Tech_824,191,1418,华中,长沙
1964,陈敏,陈敏,487,849,华南,广州
1965,吴明,吴明,385,1184,华东,南京
1966,徐燕Tech,徐燕Tech,832,677,东北,大连
1967,张洋,张洋_623,643,859,西南,昆明
1968,陈辉,陈辉_873,182,1108,东北,长春
1969,张静_Pro,张静_Pro_308,706,1393,华东,南昌
1970,林明,林明,484,1375,西北,银川
1971,马洋,马洋,412,1294,西北,乌鲁木齐
1972,赵娜,赵娜,445,320,西北,银川
1973,高洋,高洋_839,567,697,东北,沈阳
1974,林磊,林磊_657,100,356,华南,广州
1975,吴磊,吴磊,460,572,华南,佛山
1976,林勇@AI,林勇@AI_431,486,993,华东,福州
1977,陈明_Pro,陈明_Pro_220,600,737,西南,贵阳
1978,赵勇,赵勇_954,901,389,华南,珠海
1979,陈芳,陈芳,561,703,华南,南宁
1980,马敏,马敏_682,113,677,华东,上海
1981,王霞,王霞_513,459,750,西北,银川
1982,张辉_Pro,张辉_Pro,948,950,华东,上海
1983,杨丽,杨丽_859,597,569,西南,贵阳
1984,吴涛,吴涛_394,936,1285,西北,乌鲁木齐
1985,陈敏,陈敏,988,1020,西南,昆明
1986,张涛,张涛_126,452,821,华东,济南
1987,朱丽,朱丽,942,743,华中,长沙
1988,张辉,张辉_418,824,1044,华中,长沙
1989,孙海_Pro,孙海_Pro,997,982,西南,贵阳
1990,罗敏DISC,罗敏DISC,618,306,西北,银川
1991,李芳,李芳_665,130,1307,华北,石家庄
1992,徐洋,徐洋,479,1241,华南,佛山
1993,罗伟_Pro,罗伟_Pro_714,306,835,西北,乌鲁木齐
1994,高涛,高涛_322,729,1395,华南,珠海
1995,胡燕,胡燕,585,945,华北,太原
1996,胡峰,胡峰_863,767,1192,华东,上海
1997,马勇,马勇_810,195,1290,东北,长春
1998,李勇,李勇,316,411,华南,海口
1999,陈丽,陈丽,525,420,西北,银川
2000,黄军,黄军_348,588,905,西南,昆明
2001,孙明,孙明_337,680,241,华中,武汉
2002,高敏DISC,高敏DISC_877,964,788,华中,郑州
2003,张海DISC,张海DISC_833,742,525,华中,武汉
2004,李静,李静,891,542,华北,太原
2005,朱伟@AI,朱伟@AI_796,833,65,华东,南京
2006,陈丽,陈丽,859,784,华中,南昌
2007,林明,林明,648,192,东北,哈尔滨
2008,王丽@AI,王丽@AI,190,53,华东,济南
2009,王鹏,王鹏_724,165,204,华北,石家庄
2010,马霞,马霞_455,588,118,华北,北京
2011,高峰,高峰_782,359,640,东北,大连
2012,胡静_Pro,胡静_Pro,553,365,华东,南昌
2013,马磊,马磊_684,882,577,西北,银川
2014,朱芳,朱芳_384,935,343,华北,北京
2015,黄敏,黄敏_876,296,531,华北,北京
2016,高敏Tech,高敏Tech_312,756,506,西北,西安
2017,周强,周强_897,640,524,东北,沈阳
2018,徐鹏,徐鹏,636,616,西北,银川
2019,黄敏,黄敏,121,494,华中,南昌
2020,赵磊,赵磊_485,439,686,华北,北京
2021,朱磊,朱磊,870,175,西北,乌鲁木齐
2022,罗丽,罗丽_256,776,395,东北,哈尔滨
2023,刘伟,刘伟_858,228,621,西北,兰州
2024,黄勇,黄勇_440,847,559,西南,成都
2025,黄明Tech,黄明Tech_189,328,189,东北,大连
2026,何霞,何霞,658,775,华中,郑州
2027,杨鹏,杨鹏,877,297,华南,广州
2028,郭芳_Pro,郭芳_Pro,128,594,华中,武汉
2029,罗霞,罗霞,354,555,西南,成都
2030,郭鹏,郭鹏_483,570,788,华北,北京
2031,徐勇,徐勇,635,541,西北,西安
2032,徐军,徐军,686,710,西北,乌鲁木齐
2033,胡伟,胡伟,128,171,西北,西安
2034,何峰,何峰_548,617,591,西南,昆明
2035,张峰,张峰,232,311,华北,太原
2036,李洋,李洋,416,172,西南,贵阳
2037,李涛,李涛,692,182,西北,西宁
2038,郭杰Tech,郭杰Tech_398,744,706,西北,西安
2039,刘辉,刘辉,351,463,东北,哈尔滨
2040,罗丽,罗丽_638,129,301,华东,南昌
2041,徐涛,徐涛_344,851,590,华东,南京
2042,朱军_Pro,朱军_Pro,380,374,华北,石家庄
2043,黄燕,黄燕_779,457,561,华东,济南
2044,赵燕Tech,赵燕Tech_480,325,655,西北,兰州
2045,朱伟,朱伟_173,565,518,华中,郑州
2046,黄娜,黄娜,888,444,华北,呼和浩特
2047,何军,何军,169,495,华南,深圳
2048,刘勇,刘勇,109,459,西南,贵阳
2049,李娜,李娜,624,203,西南,拉萨
2050,张杰,张杰_449,993,612,西北,银川
2051,黄辉,黄辉_775,910,460,西北,西安
2052,何伟,何伟,595,374,西北,西宁
2053,张明DISC,张明DISC_330,471,266,华北,太原
2054,赵静Tech,赵静Tech,807,163,华南,海口
2055,林敏_Pro,林敏_Pro_382,662,384,华东,南京
2056,徐勇,徐勇_101,566,585,西南,重庆
2057,罗娜@AI,罗娜@AI_813,384,277,华北,呼和浩特
2058,吴涛,吴涛_489,211,595,华北,北京
2059,徐海,徐海,296,717,华北,石家庄
2060,吴芳,吴芳_661,772,72,华中,武汉
2061,张静Tech,张静Tech,174,463,华北,呼和浩特
2062,杨洋Tech,杨洋Tech_976,290,630,华南,珠海
2063,张伟,张伟,975,445,华东,杭州
2064,刘敏,刘敏,816,684,东北,哈尔滨
2065,郭鹏,郭鹏_163,823,396,华东,福州
2066,赵燕,赵燕_854,873,462,华中,长沙
2067,王杰,王杰_335,298,526,东北,沈阳
2068,赵燕_Pro,赵燕_Pro_217,872,718,东北,沈阳
2069,胡峰,胡峰,949,430,西北,西宁
2070,吴鹏2024,吴鹏2024,376,517,华南,广州
2071,王涛,王涛_864,942,519,华北,天津
2072,罗峰,罗峰_923,894,793,华北,北京
2073,赵磊,赵磊_481,708,67,东北,长春
2074,李静Tech,李静Tech_143,163,681,华北,石家庄
2075,王敏,王敏,605,604,华南,佛山
2076,罗峰Tech,罗峰Tech_702,297,233,西南,成都
2077,朱勇,朱勇_805,810,416,西北,乌鲁木齐
2078,杨辉,杨辉,299,281,华中,武汉
2079,林涛,林涛,814,301,华中,南昌
2080,赵海,赵海,306,687,华东,上海
2081,孙杰,孙杰,859,170,华中,武汉
2082,何峰,何峰,769,126,东北,长春
2083,王辉,王辉_858,411,252,东北,大连
2084,孙明Tech,孙明Tech_455,486,110,东北,沈阳
2085,朱霞2024,朱霞2024_685,582,160,华东,合肥
2086,陈敏_Pro,陈敏_Pro_339,399,293,华东,南昌
2087,周静,周静,990,479,东北,大连
2088,刘海@AI,刘海@AI,520,485,华北,北京
2089,周霞,周霞,633,673,西北,西安
2090,李燕_Pro,李燕_Pro,682,431,西北,乌鲁木齐
2091,胡杰@AI,胡杰@AI,259,264,东北,沈阳
2092,杨海@AI,杨海@AI,541,495,华南,南宁
2093,朱丽2024,朱丽2024,274,136,华东,南昌
2094,罗娜,罗娜,237,241,西北,兰州
2095,罗强,罗强,722,267,西南,贵阳
2096,吴娜,吴娜_922,672,791,华东,福州
2097,赵强,赵强,155,541,华北,太原
2098,李明,李明,910,166,华南,南宁
2099,孙杰,孙杰_479,150,393,华北,太原
2100,高杰,高杰,247,492,西北,乌鲁木齐
2101,吴磊,吴磊,407,515,华东,上海
2102,杨峰DISC,杨峰DISC_778,941,227,西南,贵阳
2103,赵燕,赵燕,648,531,华南,广州
2104,吴磊Tech,吴磊Tech,841,755,东北,大连
2105,郭军,郭军_168,884,421,华北,呼和浩特
2106,李峰,李峰,906,260,东北,哈尔滨
2107,李静,李静,282,668,华东,南昌
2108,林明_Pro,林明_Pro_534,457,333,东北,沈阳
2109,刘鹏,刘鹏_311,559,410,西北,乌鲁木齐
2110,张芳DISC,张芳DISC_826,915,635,华东,合肥
2111,黄洋,黄洋_544,891,240,华南,广州
2112,李杰,李杰,286,705,西南,重庆
2113,孙明,孙明,902,684,西南,成都
2114,刘敏_Pro,刘敏_Pro,238,596,西北,西宁
2115,周峰,周峰_238,720,370,西北,银川
2116,张娜,张娜,815,448,华南,广州
2117,王丽,王丽,112,418,东北,沈阳
2118,胡磊,胡磊_319,725,59,西南,重庆
2119,林峰,林峰_770,755,564,东北,长春
2120,马涛,马涛,962,698,西北,乌鲁木齐
2121,朱强,朱强_891,713,123,西北,西安
2122,马杰,马杰,672,654,西南,拉萨
2123,徐军DISC,徐军DISC,194,405,西北,西宁
2124,刘辉DISC,刘辉DISC,446,584,西南,昆明
2125,周静DISC,周静DISC_781,384,207,东北,长春
2126,徐敏DISC,徐敏DISC_936,433,56,华南,深圳
2127,刘军,刘军,493,582,华东,杭州
2128,刘丽,刘丽,583,582,华中,长沙
2129,张伟,张伟_136,937,765,华东,济南
2130,徐军,徐军,971,776,华东,济南
2131,赵鹏,赵鹏_316,417,628,华中,郑州
2132,朱静,朱静,562,417,华东,南京
2133,高涛Tech,高涛Tech_240,952,210,西南,成都
2134,孙辉Tech,孙辉Tech_232,727,577,华中,长沙
2135,孙辉DISC,孙辉DISC,826,160,华中,南昌
2136,陈杰,陈杰,992,535,华北,北京
2137,李丽,李丽_488,637,125,华东,杭州
2138,郭强,郭强,772,504,西北,西安
2139,马丽Tech,马丽Tech_587,459,295,华东,南昌
2140,何峰,何峰_264,904,767,东北,长春
2141,杨鹏2024,杨鹏2024_941,483,280,华中,南昌
2142,胡芳Tech,胡芳Tech_708,215,78,西南,成都
2143,罗磊2024,罗磊2024_502,109,208,华中,南昌
2144,杨明Tech,杨明Tech_615,682,635,华北,石家庄
2145,赵海,赵海_422,417,276,华北,石家庄
2146,徐燕,徐燕,978,650,华南,海口
2147,林静,林静_241,432,435,华东,上海
2148,高明,高明_217,281,591,西北,西宁
2149,何杰_Pro,何杰_Pro_617,241,73,西北,乌鲁木齐
2150,高勇2024,高勇2024,455,798,华北,呼和浩特
2151,周伟,周伟,130,598,华南,南宁
2152,刘娜@AI,刘娜@AI,816,370,华南,海口
2153,朱燕,朱燕_629,685,288,华中,长沙
2154,郭强,郭强_245,124,403,华中,南昌
2155,林芳,林芳,300,648,华中,南昌
2156,黄强,黄强_699,190,449,西北,乌鲁木齐
2157,李杰,李杰,999,362,华北,北京
2158,周杰,周杰_378,406,753,西南,昆明
2159,罗峰Tech,罗峰Tech_884,619,368,西北,乌鲁木齐
2160,刘丽Tech,刘丽Tech_470,629,295,华南,广州
2161,陈鹏,陈鹏,455,316,西南,拉萨
2162,朱静,朱静_719,772,62,华南,珠海
2163,何芳_Pro,何芳_Pro,711,350,西南,贵阳
2164,王霞@AI,王霞@AI_182,401,368,西北,西安
2165,陈涛,陈涛_240,328,317,华中,郑州
2166,郭军_Pro,郭军_Pro_203,780,389,西北,兰州
2167,杨强,杨强_144,667,308,西南,成都
2168,罗丽,罗丽_775,949,617,华北,石家庄
2169,郭鹏_Pro,郭鹏_Pro,631,632,西南,成都
2170,何洋,何洋,431,371,华北,呼和浩特
2171,李静,李静,856,335,西南,成都
2172,吴明_Pro,吴明_Pro_847,391,648,西南,拉萨
2173,吴芳,吴芳_942,932,267,东北,长春
2174,杨明,杨明_293,940,607,华南,广州
2175,杨霞DISC,杨霞DISC,242,286,东北,沈阳
2176,何伟@AI,何伟@AI,980,708,华南,南宁
2177,王峰,王峰,620,177,华东,福州
2178,高磊2024,高磊2024_780,862,142,华南,佛山
2179,张峰,张峰_931,359,787,华北,石家庄
2180,胡霞,胡霞_307,974,756,华东,杭州
2181,徐霞,徐霞_218,514,637,华东,福州
2182,黄燕,黄燕_752,334,715,华东,南京
2183,徐涛,徐涛_501,976,621,华东,南昌
2184,马涛,马涛,113,100,西南,成都
2185,朱峰,朱峰_953,753,87,华北,石家庄
2186,吴杰,吴杰,531,426,西南,拉萨
2187,陈明,陈明,946,674,华北,石家庄
2188,赵霞,赵霞_101,721,75,华南,广州
2189,高丽,高丽,458,449,华东,南京
2190,赵洋,赵洋,548,581,西南,贵阳
2191,徐磊DISC,徐磊DISC_771,940,435,西北,西安
2192,何磊,何磊,794,104,华北,北京
2193,王涛,王涛,608,317,西北,西安
2194,张伟,张伟_322,419,416,西北,西宁
2195,孙磊,孙磊,442,690,华东,南昌
2196,黄海_Pro,黄海_Pro_713,381,526,华南,深圳
2197,罗丽,罗丽_383,694,507,华中,郑州
2198,郭勇,郭勇_164,582,785,华东,合肥
2199,刘芳,刘芳,828,244,华南,珠海
2200,孙霞,孙霞,609,71,西南,拉萨
2201,高明,高明,684,132,华北,北京
2202,赵辉,赵辉,864,282,华中,武汉
2203,朱霞,朱霞_363,474,267,华北,石家庄
2204,陈伟,陈伟,714,350,西北,西安
2205,张鹏2024,张鹏2024_892,752,345,东北,长春
2206,陈强,陈强,563,742,东北,沈阳
2207,林明2024,林明2024,703,760,东北,沈阳
2208,陈杰Tech,陈杰Tech_276,107,361,西南,贵阳
2209,杨霞,杨霞_960,543,779,西南,成都
2210,郭杰,郭杰,372,695,华北,太原
2211,高勇,高勇_777,953,327,华南,深圳
2212,王娜,王娜,815,184,华东,杭州
2213,徐军,徐军_981,305,608,东北,沈阳
2214,赵静,赵静,299,409,西北,西宁
2215,胡磊,胡磊,225,96,华北,太原
2216,何勇,何勇,988,148,东北,哈尔滨
2217,朱辉,朱辉_970,761,792,华南,南宁
2218,胡辉,胡辉_420,327,356,华东,南京
2219,胡军,胡军_321,407,704,西北,银川
2220,刘军,刘军_252,597,282,东北,长春
2221,马军_Pro,马军_Pro_157,618,708,东北,大连
2222,高敏,高敏,685,254,华南,佛山
2223,黄辉DISC,黄辉DISC_715,934,82,华北,北京
2224,何杰,何杰_554,848,665,东北,长春
2225,赵丽,赵丽,150,212,华中,长沙
2226,黄丽,黄丽,619,652,华南,佛山
2227,吴强,吴强_656,320,445,西北,西宁
2228,胡勇,胡勇,160,533,西北,银川
2229,徐海,徐海,141,79,东北,哈尔滨
2230,刘涛,刘涛_386,138,394,西北,西宁
2231,刘杰,刘杰,533,192,华南,珠海
2232,吴勇,吴勇,181,299,华北,北京
2233,何辉,何辉_490,840,741,华南,广州
2234,高辉DISC,高辉DISC,762,152,西南,贵阳
2235,周洋,周洋,685,725,华南,佛山
2236,杨磊,杨磊_143,514,100,西南,拉萨
2237,高峰,高峰,812,469,华北,石家庄
2238,黄军,黄军_105,861,569,东北,长春
2239,郭伟_Pro,郭伟_Pro,830,434,东北,沈阳
2240,罗海,罗海,214,435,华中,武汉
2241,郭伟,郭伟,627,747,华东,南京
2242,何杰Tech,何杰Tech_445,706,517,华南,佛山
2243,杨洋,杨洋_505,428,359,西南,昆明
2244,何强,何强,859,543,西南,贵阳
2245,周峰@AI,周峰@AI,467,693,西北,西宁
2246,陈霞,陈霞_233,463,382,华中,武汉
2247,刘洋,刘洋,649,651,华东,济南
2248,杨涛DISC,杨涛DISC_138,904,262,华北,北京
2249,郭洋,郭洋,158,640,华中,长沙
2250,赵伟,赵伟,315,623,华北,北京
2251,周敏,周敏_280,515,779,东北,大连
2252,陈明,陈明_533,897,178,华南,南宁
2253,徐磊,徐磊_329,364,223,华南,南宁
2254,杨洋,杨洋,548,586,华南,广州
2255,罗丽@AI,罗丽@AI,775,226,华南,珠海
2256,陈霞2024,陈霞2024,283,643,华北,太原
2257,孙辉,孙辉_706,216,270,华北,石家庄
2258,马燕_Pro,马燕_Pro_813,862,465,华中,长沙
2259,徐涛,徐涛_825,816,768,华中,南昌
2260,孙军,孙军_783,735,792,华中,武汉
2261,周丽,周丽_226,468,282,西南,拉萨
2262,马杰2024,马杰2024,286,393,西南,拉萨
2263,赵敏,赵敏,483,506,东北,沈阳
2264,朱峰@AI,朱峰@AI_932,406,641,东北,沈阳
2265,杨静,杨静,605,233,华东,南昌
2266,朱杰,朱杰_485,165,481,华南,珠海
2267,李芳,李芳,775,326,华北,呼和浩特
2268,郭燕,郭燕_226,704,500,华北,呼和浩特
2269,陈洋,陈洋,275,425,华中,南昌
2270,刘静@AI,刘静@AI_838,139,475,东北,长春
2271,林涛,林涛,752,324,华南,南宁
2272,陈芳,陈芳_532,106,443,东北,哈尔滨
2273,周勇,周勇_598,136,606,华北,石家庄
2274,陈洋_Pro,陈洋_Pro,407,52,华北,天津
2275,杨磊,杨磊,347,740,华中,郑州
2276,张勇@AI,张勇@AI,249,713,华东,合肥
2277,刘燕,刘燕,745,380,西北,兰州
2278,赵丽DISC,赵丽DISC,258,289,西北,银川
2279,陈丽,陈丽,477,112,西南,昆明
2280,林峰,林峰,627,551,华中,长沙
2281,赵明,赵明_780,124,446,华南,佛山
2282,胡涛,胡涛,418,278,西南,重庆
2283,马勇,马勇_418,446,200,西北,乌鲁木齐
2284,刘敏DISC,刘敏DISC,443,559,华南,珠海
2285,孙娜@AI,孙娜@AI_490,229,415,东北,沈阳
2286,孙娜,孙娜,489,791,华东,合肥
2287,刘霞DISC,刘霞DISC,855,559,华东,合肥
2288,朱海,朱海,634,150,西北,兰州
2289,吴涛,吴涛,608,697,西南,重庆
2290,朱强,朱强,654,89,东北,大连
2291,罗静2024,罗静2024,516,628,华北,呼和浩特
2292,朱芳,朱芳,532,166,西南,拉萨
2293,李洋,李洋,484,157,东北,哈尔滨
2294,黄静,黄静_678,434,571,华南,深圳
2295,何强2024,何强2024,971,328,华东,杭州
2296,罗杰,罗杰,566,784,华东,福州
2297,陈燕Tech,陈燕Tech_933,916,716,华中,南昌
2298,胡杰,胡杰_756,501,248,西南,拉萨
2299,周军Tech,周军Tech_158,563,441,华北,天津
2300,朱燕,朱燕_579,742,679,西北,银川
2301,徐明@AI,徐明@AI_341,341,680,西北,乌鲁木齐
2302,李洋,李洋,780,194,西北,银川
2303,高芳,高芳_174,947,334,西南,成都
2304,孙鹏DISC,孙鹏DISC_275,928,728,华南,深圳
2305,张娜,张娜_999,476,381,华北,石家庄
2306,杨明,杨明_946,451,514,华东,南昌
2307,杨杰,杨杰,774,313,华东,济南
2308,刘强DISC,刘强DISC_666,912,621,华东,南昌
2309,黄霞,黄霞,999,585,华南,海口
2310,马芳,马芳,192,309,东北,哈尔滨
2311,孙敏,孙敏_131,826,686,华东,济南
2312,徐峰,徐峰_199,341,342,西南,成都
2313,胡芳,胡芳,625,546,华中,南昌
2314,刘燕,刘燕_323,472,651,东北,哈尔滨
2315,郭海,郭海_229,478,514,华北,石家庄
2316,胡洋,胡洋_324,453,491,华南,广州
2317,陈海,陈海,804,585,西南,昆明
2318,郭丽,郭丽_619,543,207,华东,上海
2319,刘霞,刘霞_367,315,73,东北,哈尔滨
2320,杨峰,杨峰,719,754,西南,重庆
2321,胡娜_Pro,胡娜_Pro_605,276,269,华北,天津
2322,陈鹏,陈鹏_213,442,531,西南,成都
2323,罗杰DISC,罗杰DISC_401,532,363,西南,贵阳
2324,杨鹏,杨鹏_974,100,467,华中,长沙
2325,罗杰,罗杰,590,212,华北,北京
2326,张霞,张霞,767,639,华南,南宁
2327,李勇,李勇,955,691,东北,沈阳
2328,周娜,周娜,407,530,西南,昆明
2329,徐洋,徐洋,555,69,西南,拉萨
2330,陈强,陈强_179,768,764,华中,郑州
2331,郭海,郭海,729,311,华北,呼和浩特
2332,黄鹏Tech,黄鹏Tech,609,537,西南,贵阳
2333,王敏,王敏,120,184,西南,拉萨
2334,李敏Tech,李敏Tech,713,680,华东,济南
2335,张芳Tech,张芳Tech,469,276,西北,乌鲁木齐
2336,马峰,马峰_691,586,163,华中,武汉
2337,刘伟@AI,刘伟@AI_598,211,770,东北,哈尔滨
2338,徐杰,徐杰_637,951,409,西南,重庆
2339,刘峰,刘峰_432,174,737,西北,西安
2340,高磊DISC,高磊DISC_127,465,738,西北,兰州
2341,罗军DISC,罗军DISC,318,345,华南,南宁
2342,马磊DISC,马磊DISC_157,121,186,西南,贵阳
2343,周杰,周杰,794,699,华南,海口
2344,罗娜,罗娜_690,610,295,西北,兰州
2345,李强,李强,112,85,华中,长沙
2346,马娜@AI,马娜@AI,589,552,华北,天津
2347,张伟,张伟_325,751,509,西北,西宁
2348,朱芳,朱芳,248,249,西南,贵阳
2349,杨洋,杨洋,306,96,华南,珠海
2350,胡勇_Pro,胡勇_Pro_436,773,607,华北,北京
2351,孙涛DISC,孙涛DISC_618,375,631,西南,成都
2352,孙军Tech,孙军Tech,506,561,华中,长沙
2353,赵勇DISC,赵勇DISC_606,807,460,东北,哈尔滨
2354,陈鹏,陈鹏,685,82,西南,拉萨
2355,周燕@AI,周燕@AI,485,386,东北,大连
2356,周海,周海,535,310,西北,银川
2357,刘海_Pro,刘海_Pro_245,957,796,西南,贵阳
2358,罗杰,罗杰_366,109,526,华北,天津
2359,马明,马明,210,78,东北,长春
2360,张洋,张洋,346,640,华北,石家庄
2361,李鹏,李鹏,443,153,西北,兰州
2362,黄霞,黄霞_837,878,503,西北,西安
2363,高鹏DISC,高鹏DISC,577,130,华中,郑州
2364,黄霞,黄霞,626,157,华北,呼和浩特
2365,郭涛_Pro,郭涛_Pro_298,450,248,西北,西安
2366,王洋,王洋,456,91,华南,广州
2367,何洋,何洋_549,110,274,华中,南昌
2368,马鹏,马鹏_892,918,474,西南,贵阳
2369,赵海,赵海_958,601,292,华东,南昌
2370,朱鹏,朱鹏_806,338,296,华北,石家庄
2371,林丽@AI,林丽@AI,816,466,西北,银川
2372,徐静,徐静,647,775,华东,上海
2373,张磊,张磊,599,109,西北,乌鲁木齐
2374,朱辉,朱辉,508,235,华南,深圳
2375,刘峰_Pro,刘峰_Pro,444,435,西北,乌鲁木齐
2376,郭伟,郭伟,227,729,东北,大连
2377,朱明,朱明_210,884,478,西南,昆明
2378,马芳,马芳,735,284,华北,呼和浩特
2379,吴静,吴静,992,129,华北,北京
2380,王敏,王敏,569,111,华东,合肥
2381,郭燕,郭燕_213,297,617,华北,呼和浩特
2382,孙燕@AI,孙燕@AI,431,382,华中,武汉
2383,杨静,杨静,525,433,东北,哈尔滨
2384,林静,林静_549,255,86,西南,贵阳
2385,张娜,张娜,896,174,西北,乌鲁木齐
2386,罗静Tech,罗静Tech,756,378,西南,重庆
2387,郭涛,郭涛_357,572,189,华中,武汉
2388,林静,林静_940,211,562,华中,南昌
2389,高磊,高磊,391,72,西北,西安
2390,吴明,吴明_187,427,541,华东,济南
2391,张军DISC,张军DISC,772,528,西南,重庆
2392,孙明,孙明_705,419,88,华中,长沙
2393,赵杰,赵杰,764,132,华中,郑州
2394,赵勇,赵勇,567,209,华中,郑州
2395,何杰,何杰_914,391,481,西南,重庆
2396,李辉@AI,李辉@AI,823,537,东北,大连
2397,高磊,高磊_474,940,607,华南,南宁
2398,张明_Pro,张明_Pro_105,518,147,华东,南昌
2399,刘洋,刘洋,470,582,西北,西安
2400,杨芳,杨芳,278,78,华南,佛山
2401,马杰,马杰,393,62,东北,长春
2402,黄伟,黄伟_659,764,636,华北,北京
2403,黄峰@AI,黄峰@AI_169,687,449,西南,贵阳
2404,高勇,高勇_962,643,780,华中,长沙
2405,李涛,李涛_912,426,178,华南,佛山
2406,林丽,林丽_188,947,337,华中,长沙
2407,周敏_Pro,周敏_Pro,218,516,东北,长春
2408,周静,周静,247,737,西北,兰州
2409,徐静DISC,徐静DISC,317,71,西南,成都
2410,胡强@AI,胡强@AI,150,128,华东,上海
2411,刘伟2024,刘伟2024,833,793,华北,北京
2412,何峰,何峰_462,709,580,华南,佛山
2413,黄海,黄海,650,146,华东,上海
2414,赵鹏,赵鹏,689,233,东北,沈阳
2415,王洋,王洋,580,351,西北,乌鲁木齐
2416,张涛@AI,张涛@AI,552,165,华南,南宁
2417,黄军DISC,黄军DISC_439,196,302,西北,西宁
2418,马娜2024,马娜2024,615,588,西北,西宁
2419,杨磊,杨磊_441,754,752,西南,重庆
2420,郭杰,郭杰_350,132,622,华南,珠海
2421,杨娜,杨娜,461,373,东北,长春
2422,林伟,林伟,912,146,西南,重庆
2423,张静2024,张静2024_184,870,438,华中,郑州
2424,杨辉,杨辉,438,455,华中,武汉
2425,吴涛,吴涛,200,425,东北,长春
2426,罗峰,罗峰,923,58,华北,北京
2427,林磊,林磊,762,505,西北,兰州
2428,李洋,李洋_417,949,512,东北,沈阳
2429,胡峰,胡峰,492,63,华北,呼和浩特
2430,赵敏,赵敏_795,681,348,东北,大连
2431,周海,周海,293,346,华北,太原
2432,罗燕Tech,罗燕Tech_923,247,84,西南,拉萨
2433,胡海,胡海,967,163,华北,石家庄
2434,吴鹏,吴鹏_677,901,357,华北,呼和浩特
2435,陈磊2024,陈磊2024_886,481,59,华东,南昌
2436,赵霞2024,赵霞2024_652,715,58,华中,武汉
2437,李霞,李霞_823,526,205,华南,深圳
2438,高伟2024,高伟2024_254,694,770,西南,成都
2439,胡芳,胡芳_868,193,789,西南,拉萨
2440,郭军Tech,郭军Tech,569,161,华南,广州
2441,刘勇,刘勇_517,385,356,华南,深圳
2442,高伟@AI,高伟@AI,412,418,华东,福州
2443,刘明,刘明,604,195,华南,深圳
2444,罗伟2024,罗伟2024_146,909,200,西北,西宁
2445,孙军_Pro,孙军_Pro,102,658,西南,重庆
2446,徐磊,徐磊_889,633,661,西北,西宁
2447,胡芳_Pro,胡芳_Pro_368,624,59,华北,北京
2448,高丽2024,高丽2024,463,135,华中,长沙
2449,郭丽2024,郭丽2024_531,133,740,东北,沈阳
2450,王丽,王丽,549,319,华北,天津
2451,吴军,吴军,842,569,华东,南昌
2452,赵洋DISC,赵洋DISC,316,713,华东,济南
2453,何杰,何杰_217,797,464,西北,西安
2454,李芳,李芳,848,276,华南,深圳
2455,何洋,何洋_540,640,527,西南,贵阳
2456,胡辉,胡辉_671,570,603,华北,北京
2457,胡军,胡军_592,532,440,东北,长春
2458,孙丽DISC,孙丽DISC,577,485,华东,南昌
2459,赵娜DISC,赵娜DISC_852,301,692,华中,长沙
2460,何磊Tech,何磊Tech,718,662,华中,郑州
2461,林海,林海_278,186,426,西南,成都
2462,李鹏,李鹏_783,558,736,华南,海口
2463,陈峰,陈峰,604,109,西南,重庆
2464,杨鹏DISC,杨鹏DISC_950,577,417,华东,合肥
2465,周辉,周辉_855,590,537,华北,北京
2466,朱军,朱军_503,783,541,西北,银川
2467,林峰,林峰_484,361,694,华中,南昌
2468,罗丽,罗丽_285,156,167,华东,合肥
2469,胡芳,胡芳_282,770,312,西北,西宁
2470,李敏,李敏,673,327,华北,天津
2471,李辉,李辉,683,761,华中,郑州
2472,赵燕,赵燕_374,613,557,华东,杭州
2473,林海,林海,490,374,东北,哈尔滨
2474,马燕,马燕_958,606,107,华北,石家庄
2475,高勇,高勇,104,420,华中,南昌
2476,刘杰,刘杰,937,336,东北,大连
2477,孙燕,孙燕,591,404,西南,拉萨
2478,陈辉,陈辉,273,639,华中,郑州
2479,徐磊,徐磊,281,532,东北,哈尔滨
2480,何洋,何洋,937,78,东北,大连
2481,陈强@AI,陈强@AI,824,53,华中,长沙
2482,杨静@AI,杨静@AI_263,396,515,西北,乌鲁木齐
2483,刘敏,刘敏_450,917,389,西北,兰州
2484,罗伟,罗伟_197,767,629,华中,武汉
2485,李敏,李敏,554,500,东北,长春
2486,罗军DISC,罗军DISC,767,421,华中,武汉
2487,吴磊,吴磊,730,697,华北,天津
2488,罗海,罗海_874,534,529,华南,深圳
2489,杨杰Tech,杨杰Tech_767,921,654,华北,北京
2490,杨敏,杨敏_863,716,787,华中,郑州
2491,马杰,马杰,277,112,华中,南昌
2492,张涛DISC,张涛DISC_157,529,787,华中,郑州
2493,郭伟,郭伟_780,593,380,西南,成都
2494,杨磊,杨磊_723,916,563,西北,西安
2495,郭燕,郭燕_501,449,697,华东,杭州
2496,孙杰,孙杰_833,525,607,华东,杭州
2497,黄鹏@AI,黄鹏@AI,715,313,华东,上海
2498,朱丽,朱丽_138,899,79,西南,拉萨
2499,高磊,高磊_953,498,730,华中,南昌
2500,朱辉,朱辉_545,853,545,华南,广州
2501,吴娜Tech,吴娜Tech,318,147,东北,沈阳
2502,李霞,李霞,911,473,西北,西宁
2503,何燕_Pro,何燕_Pro,649,770,西南,昆明
2504,林勇DISC,林勇DISC_591,291,784,西南,重庆
2505,周强,周强_655,259,625,西南,成都
2506,赵峰,赵峰_657,811,335,华中,长沙
2507,郭燕,郭燕_231,616,186,华东,上海
2508,胡燕,胡燕,589,570,华南,广州
2509,胡辉,胡辉,255,232,华南,佛山
2510,赵敏,赵敏,692,457,华中,长沙
2511,林鹏DISC,林鹏DISC,163,641,华中,长沙
2512,李芳,李芳_205,757,795,西北,兰州
2513,郭静_Pro,郭静_Pro_516,800,567,华东,南京
2514,孙辉2024,孙辉2024,618,542,华南,南宁
2515,朱燕_Pro,朱燕_Pro_879,931,238,华北,天津
2516,马洋DISC,马洋DISC_347,685,640,西南,成都
2517,王娜,王娜_377,784,675,华北,天津
2518,胡强,胡强_863,775,452,西北,西宁
2519,黄强,黄强,735,422,华南,海口
2520,王燕,王燕_749,833,168,华南,深圳
2521,吴洋,吴洋_944,950,544,东北,哈尔滨
2522,黄峰Tech,黄峰Tech,600,380,东北,哈尔滨
2523,李明,李明,712,177,西南,昆明
2524,陈洋,陈洋_512,528,381,华南,广州
2525,林敏,林敏_577,448,327,华东,杭州
2526,刘磊Tech,刘磊Tech,503,305,华南,南宁
2527,黄敏,黄敏_264,105,647,华中,郑州
2528,朱强,朱强,664,743,东北,哈尔滨
2529,林霞,林霞,442,725,西南,贵阳
2530,陈燕,陈燕_219,994,709,西北,西安
2531,罗伟DISC,罗伟DISC_677,127,122,东北,沈阳
2532,胡峰,胡峰,113,528,西南,昆明
2533,徐峰@AI,徐峰@AI_373,512,454,华中,武汉
2534,朱鹏DISC,朱鹏DISC_587,996,596,西南,拉萨
2535,王丽_Pro,王丽_Pro,782,467,东北,沈阳
2536,张明,张明_384,762,164,西北,西安
2537,吴杰2024,吴杰2024_979,614,404,西北,兰州
2538,孙敏DISC,孙敏DISC_288,550,697,华南,南宁
2539,郭燕,郭燕,603,130,华东,杭州
2540,黄芳_Pro,黄芳_Pro_313,565,510,华南,佛山
2541,刘明_Pro,刘明_Pro,827,743,华中,长沙
2542,黄强,黄强_744,555,460,西南,重庆
2543,徐娜,徐娜,141,791,西南,成都
2544,高洋,高洋_996,188,201,华南,海口
2545,朱丽_Pro,朱丽_Pro,977,625,西南,成都
2546,周勇,周勇_230,235,468,东北,沈阳
2547,杨磊,杨磊_817,941,98,东北,长春
2548,陈芳,陈芳,136,106,华北,天津
2549,何燕,何燕_279,428,765,东北,长春
2550,赵军,赵军,658,374,西南,拉萨
2551,赵洋,赵洋_212,373,103,东北,长春
2552,杨燕,杨燕,799,586,华北,呼和浩特
2553,周勇,周勇_972,333,264,东北,沈阳
2554,张静,张静,116,290,华南,珠海
2555,何伟,何伟,744,66,华北,天津
2556,杨静,杨静_881,541,404,华南,广州
2557,李勇,李勇_830,539,63,西北,西安
2558,孙海,孙海,527,214,东北,大连
2559,孙霞,孙霞,814,636,华南,深圳
2560,张勇,张勇,790,238,西南,成都
2561,杨芳,杨芳_328,223,290,西南,贵阳
2562,张娜,张娜,846,532,华北,天津
2563,胡敏,胡敏_607,323,375,东北,长春
2564,陈敏,陈敏_937,732,242,华北,北京
2565,马涛_Pro,马涛_Pro,548,166,华北,石家庄
2566,高强,高强,476,446,东北,沈阳
2567,李军2024,李军2024_239,674,444,华南,广州
2568,罗杰,罗杰_540,115,239,华南,广州
2569,徐磊,徐磊,551,173,西北,银川
2570,何洋,何洋,791,649,西南,成都
2571,周辉,周辉_964,457,303,西南,重庆
2572,马鹏,马鹏,460,719,东北,沈阳
2573,罗燕,罗燕_663,119,398,西北,乌鲁木齐
2574,李辉_Pro,李辉_Pro,223,165,华东,杭州
2575,黄洋,黄洋_891,793,123,华南,广州
2576,吴勇,吴勇,109,88,西南,昆明
2577,高敏,高敏_582,739,482,东北,长春
2578,黄勇2024,黄勇2024_861,797,240,西南,重庆
2579,罗涛,罗涛_179,619,518,华南,南宁
2580,林芳,林芳,534,375,西北,西宁
2581,郭明2024,郭明2024,970,436,华北,北京
2582,陈丽,陈丽,908,388,西北,西宁
2583,何涛,何涛_695,368,487,华北,北京
2584,郭丽Tech,郭丽Tech,748,53,华北,北京
2585,朱敏,朱敏,546,476,华东,上海
2586,刘鹏,刘鹏,826,770,东北,大连
2587,何芳,何芳_651,917,560,西北,银川
2588,罗燕,罗燕,709,713,西南,拉萨
2589,罗伟2024,罗伟2024_285,631,103,华中,长沙
2590,赵燕,赵燕,312,246,西南,拉萨
2591,高杰2024,高杰2024,385,262,华南,珠海
2592,杨杰@AI,杨杰@AI,864,722,东北,沈阳
2593,罗洋Tech,罗洋Tech,104,668,华东,杭州
2594,林霞Tech,林霞Tech_105,326,437,西南,成都
2595,张敏,张敏,937,647,西北,乌鲁木齐
2596,黄丽,黄丽,362,296,华中,长沙
2597,吴磊,吴磊_742,747,370,华东,济南
2598,徐磊,徐磊,314,691,东北,长春
2599,陈伟,陈伟,907,755,华南,佛山
2600,罗涛_Pro,罗涛_Pro,435,430,东北,大连
2601,马洋,马洋_911,621,359,华南,深圳
2602,张燕,张燕_295,499,57,西南,成都
2603,胡杰,胡杰,189,276,华南,佛山
2604,吴辉,吴辉_840,248,775,东北,沈阳
2605,徐鹏,徐鹏_288,375,418,西南,重庆
2606,张勇,张勇,135,608,西南,成都
2607,林涛,林涛,737,699,华南,海口
2608,陈明Tech,陈明Tech_540,365,666,华中,长沙
2609,高娜,高娜,356,541,华中,长沙
2610,朱强,朱强_830,709,252,西北,西安
2611,罗芳_Pro,罗芳_Pro,134,212,华南,珠海
2612,李涛,李涛_446,379,383,东北,大连
2613,赵敏Tech,赵敏Tech,303,306,东北,沈阳
2614,吴明,吴明_511,497,570,华中,武汉
2615,马霞,马霞,663,786,西南,重庆
2616,陈勇,陈勇,539,694,华东,合肥
2617,刘磊2024,刘磊2024_630,691,800,西北,兰州
2618,郭杰,郭杰,782,232,西北,乌鲁木齐
2619,郭磊,郭磊_612,370,448,东北,沈阳
2620,马磊_Pro,马磊_Pro,383,93,西南,昆明
2621,赵涛,赵涛,137,73,西北,银川
2622,徐海,徐海_715,656,288,西南,昆明
2623,赵伟@AI,赵伟@AI_598,892,113,东北,大连
2624,陈涛2024,陈涛2024,214,174,华中,武汉
2625,徐鹏,徐鹏_443,567,703,华南,海口
2626,胡芳DISC,胡芳DISC_387,725,291,西北,银川
2627,赵娜_Pro,赵娜_Pro_212,648,331,华东,南京
2628,吴静_Pro,吴静_Pro,358,198,华北,天津
2629,杨敏,杨敏_913,888,624,华南,深圳
2630,杨强,杨强,686,528,东北,长春
2631,陈丽,陈丽_633,677,319,华东,南昌
2632,郭峰,郭峰_265,978,560,西南,重庆
2633,刘磊,刘磊_726,922,250,华南,广州
2634,孙丽DISC,孙丽DISC,572,413,西北,银川
2635,黄勇,黄勇_753,123,630,华东,杭州
2636,李辉2024,李辉2024_164,748,415,华南,广州
2637,朱鹏DISC,朱鹏DISC,625,100,华南,广州
2638,朱杰,朱杰,543,721,西南,重庆
2639,刘涛,刘涛_663,577,146,华北,太原
2640,刘辉2024,刘辉2024,547,418,华中,郑州
2641,徐霞,徐霞,113,686,西北,西安
2642,吴霞@AI,吴霞@AI,484,187,西南,重庆
2643,杨涛,杨涛_328,866,533,西北,银川
2644,陈磊2024,陈磊2024,777,336,西南,重庆
2645,郭伟,郭伟_711,445,656,华东,杭州
2646,罗芳,罗芳,148,623,华南,海口
2647,陈杰,陈杰_353,121,141,华北,太原
2648,马明,马明_487,421,631,华南,海口
2649,朱明,朱明,343,402,东北,沈阳
2650,罗伟Tech,罗伟Tech_476,559,131,西北,兰州
2651,吴伟Tech,吴伟Tech_218,824,186,西北,乌鲁木齐
2652,黄鹏Tech,黄鹏Tech_670,678,83,东北,哈尔滨
2653,林燕,林燕,100,223,华北,北京
2654,罗燕,罗燕,609,695,华中,郑州
2655,孙霞2024,孙霞2024,111,504,东北,沈阳
2656,何勇_Pro,何勇_Pro,640,242,华北,北京
2657,徐洋,徐洋_946,707,669,华南,深圳
2658,胡娜Tech,胡娜Tech,466,491,华南,广州
2659,胡峰,胡峰,734,244,华中,武汉
2660,孙磊2024,孙磊2024_478,449,550,东北,沈阳
2661,李洋Tech,李洋Tech_788,173,790,华北,太原
2662,郭杰2024,郭杰2024_573,842,361,西南,拉萨
2663,郭鹏_Pro,郭鹏_Pro_338,719,406,华东,上海
2664,何峰2024,何峰2024,677,153,华北,北京
2665,林敏,林敏_341,200,585,华南,海口
2666,王霞,王霞,754,442,华中,郑州
2667,高燕,高燕,497,555,华东,济南
2668,罗海,罗海,335,737,西南,昆明
2669,高静_Pro,高静_Pro,628,216,华中,长沙
2670,高杰_Pro,高杰_Pro_626,608,144,华南,南宁
2671,何涛DISC,何涛DISC,774,77,华北,天津
2672,林丽Tech,林丽Tech_202,928,276,西南,成都
2673,何勇,何勇,943,88,华东,合肥
2674,朱峰,朱峰,559,597,西北,银川
2675,林鹏,林鹏_215,585,244,西南,成都
2676,周霞,周霞,251,708,西南,拉萨
2677,黄涛,黄涛,976,306,华中,长沙
2678,黄鹏,黄鹏_372,815,754,华中,南昌
2679,刘洋DISC,刘洋DISC,679,639,华北,太原
2680,何军,何军_702,450,599,华东,南京
2681,何丽,何丽,621,725,华北,太原
2682,林峰,林峰_401,162,602,西北,西安
2683,吴洋DISC,吴洋DISC,690,633,华东,合肥
2684,王强DISC,王强DISC_706,484,571,华北,呼和浩特
2685,赵娜,赵娜_637,881,585,西北,兰州
2686,杨芳2024,杨芳2024,234,740,华南,海口
2687,孙丽,孙丽_576,657,499,华中,南昌
2688,高霞2024,高霞2024,768,674,华中,南昌
2689,周霞,周霞_580,558,324,西南,拉萨
2690,何勇DISC,何勇DISC_199,800,455,西南,昆明
2691,杨鹏,杨鹏,258,435,华东,杭州
2692,徐明,徐明_531,578,494,华南,海口
2693,陈静,陈静,314,137,华东,上海
2694,高磊,高磊,408,709,西南,贵阳
2695,高峰,高峰_547,715,271,华南,广州
2696,孙磊@AI,孙磊@AI_316,132,663,华东,合肥
2697,赵丽,赵丽,734,216,华南,海口
2698,李娜,李娜,499,269,西北,西安
2699,刘霞,刘霞,998,141,西南,成都
2700,李伟,李伟_814,658,688,华东,上海
2701,李静,李静,519,782,华南,佛山
2702,郭芳,郭芳,567,60,西南,成都
2703,陈芳@AI,陈芳@AI,641,755,东北,沈阳
2704,徐洋,徐洋,118,730,东北,长春
2705,周鹏,周鹏_937,853,482,华北,太原
2706,黄丽@AI,黄丽@AI,972,542,东北,大连
2707,周静,周静,684,732,东北,大连
2708,王强,王强,303,360,华中,郑州
2709,徐霞,徐霞_902,848,530,东北,哈尔滨
2710,陈燕,陈燕_974,300,516,东北,大连
2711,马军,马军,923,232,东北,沈阳
2712,刘辉,刘辉,132,537,西南,成都
2713,张磊2024,张磊2024,914,691,东北,哈尔滨
2714,张霞_Pro,张霞_Pro_690,550,571,西北,银川
2715,周海,周海_475,188,191,西北,西安
2716,高峰Tech,高峰Tech,601,412,华北,太原
2717,林伟,林伟,748,141,东北,哈尔滨
2718,孙明,孙明,191,60,西南,成都
2719,吴杰DISC,吴杰DISC_678,439,639,华中,武汉
2720,赵静@AI,赵静@AI_648,112,631,西北,乌鲁木齐
2721,徐杰,徐杰_919,154,287,西南,昆明
2722,胡芳,胡芳_556,700,615,西北,银川
2723,黄军Tech,黄军Tech_810,948,561,华中,郑州
2724,林军,林军,940,555,西北,西宁
2725,王静,王静_838,340,799,西南,贵阳
2726,马鹏,马鹏,114,214,西北,西安
2727,杨海2024,杨海2024,563,278,华北,石家庄
2728,徐勇,徐勇,335,234,华东,杭州
2729,郭霞@AI,郭霞@AI,607,693,东北,大连
2730,高燕,高燕_307,785,571,西南,重庆
2731,周勇@AI,周勇@AI,959,55,华南,佛山
2732,吴杰,吴杰,783,630,西北,银川
2733,吴杰DISC,吴杰DISC_767,309,524,华东,济南
2734,胡军_Pro,胡军_Pro,824,265,华中,武汉
2735,黄峰,黄峰,212,544,东北,哈尔滨
2736,高伟2024,高伟2024,167,197,华南,南宁
2737,赵伟,赵伟,256,419,华南,海口
2738,胡洋,胡洋,224,306,华中,南昌
2739,刘军@AI,刘军@AI_809,700,410,西南,成都
2740,杨敏,杨敏,838,674,西南,重庆
2741,郭霞,郭霞,732,169,华东,福州
2742,徐勇,徐勇,842,161,华北,天津
2743,高静Tech,高静Tech,601,792,华北,北京
2744,罗辉,罗辉,429,170,华南,南宁
2745,赵峰,赵峰,397,589,东北,大连
2746,吴伟DISC,吴伟DISC_759,193,504,华南,海口
2747,刘海,刘海,305,787,华北,石家庄
2748,赵杰Tech,赵杰Tech,579,135,西北,兰州
2749,刘军,刘军,707,712,华南,南宁
2750,林芳@AI,林芳@AI,404,757,华南,珠海
2751,高燕,高燕,729,507,华中,郑州
2752,周娜,周娜,242,354,华北,石家庄
2753,王杰_Pro,王杰_Pro,668,771,华中,长沙
2754,何杰,何杰,710,585,西北,西安
2755,赵峰Tech,赵峰Tech_325,912,224,华北,天津
2756,杨鹏,杨鹏,483,655,华中,武汉
2757,朱霞,朱霞,285,340,西北,西安
2758,徐海DISC,徐海DISC_665,380,307,华北,北京
2759,张磊,张磊_153,410,355,西南,成都
2760,吴涛_Pro,吴涛_Pro,427,517,华中,长沙
2761,黄勇,黄勇_982,864,269,华中,长沙
2762,赵海,赵海,159,297,西北,乌鲁木齐
2763,郭海,郭海,584,319,华北,北京
2764,刘燕,刘燕,143,496,华南,佛山
2765,郭磊Tech,郭磊Tech_889,463,60,西北,兰州
2766,李军,李军,457,766,华中,南昌
2767,杨杰,杨杰,283,277,西南,昆明
2768,杨海,杨海_606,208,439,西南,成都
2769,孙涛@AI,孙涛@AI_674,293,254,华北,石家庄
2770,黄勇,黄勇_179,766,409,华北,石家庄
2771,黄敏,黄敏_118,286,576,华中,郑州
2772,朱军2024,朱军2024,405,524,西南,贵阳
2773,周鹏_Pro,周鹏_Pro_320,839,136,华中,长沙
2774,孙海2024,孙海2024_273,339,586,西北,西宁
2775,王鹏,王鹏_821,644,539,华中,武汉
2776,赵杰Tech,赵杰Tech,195,175,西南,成都
2777,黄芳,黄芳_428,927,351,华中,郑州
2778,郭燕Tech,郭燕Tech,522,789,西南,拉萨
2779,黄明2024,黄明2024_727,668,525,华南,佛山
2780,何燕,何燕_416,377,387,东北,大连
2781,刘鹏,刘鹏_148,555,743,西南,重庆
2782,林静,林静,506,272,华北,石家庄
2783,黄强,黄强_442,526,363,西北,西安
2784,王静,王静,875,614,华北,北京
2785,郭勇DISC,郭勇DISC,230,400,华中,武汉
2786,刘杰_Pro,刘杰_Pro_802,817,565,西北,乌鲁木齐
2787,郭勇,郭勇_340,263,351,华北,呼和浩特
2788,高伟,高伟,991,356,华北,天津
2789,马磊,马磊,188,717,西南,成都
2790,刘静2024,刘静2024,923,313,东北,哈尔滨
2791,刘强,刘强,543,122,华南,佛山
2792,胡明DISC,胡明DISC,725,662,西北,西安
2793,朱伟@AI,朱伟@AI_982,706,165,华南,南宁
2794,徐敏_Pro,徐敏_Pro,915,389,东北,哈尔滨
2795,徐洋Tech,徐洋Tech_335,772,722,华北,天津
2796,刘静,刘静,396,326,华南,南宁
2797,郭军@AI,郭军@AI_149,765,678,华北,呼和浩特
2798,林敏,林敏,453,500,西北,西安
2799,赵明,赵明,864,765,东北,哈尔滨
2800,李军DISC,李军DISC,293,164,华东,上海
2801,高涛,高涛_914,984,576,华南,深圳
2802,郭霞Tech,郭霞Tech_813,532,370,华北,太原
2803,杨燕,杨燕_130,185,279,华中,武汉
2804,高强,高强,483,197,华北,天津
2805,林静Tech,林静Tech,378,690,东北,长春
2806,刘霞,刘霞,549,617,西北,兰州
2807,王海,王海,250,405,东北,哈尔滨
2808,赵燕,赵燕_713,665,461,华中,南昌
2809,林涛,林涛,919,127,西北,乌鲁木齐
2810,何勇DISC,何勇DISC_589,397,702,华北,呼和浩特
2811,何静,何静_172,648,527,东北,哈尔滨
2812,高辉,高辉,649,652,华中,武汉
2813,何静2024,何静2024,277,101,华中,南昌
2814,杨芳,杨芳_682,430,214,华东,杭州
2815,张丽@AI,张丽@AI,631,726,东北,长春
2816,张伟2024,张伟2024,765,197,华南,珠海
2817,林鹏,林鹏,661,593,华中,南昌
2818,何芳DISC,何芳DISC_643,293,490,华南,广州
2819,王涛,王涛_936,815,490,东北,哈尔滨
2820,周强Tech,周强Tech_876,936,751,华东,南京
2821,张娜,张娜,719,722,东北,哈尔滨
2822,孙霞,孙霞,119,284,华中,郑州
2823,赵静,赵静_539,518,430,华北,天津
2824,高强,高强_281,429,386,华中,郑州
2825,徐静2024,徐静2024,190,738,西北,西安
2826,马霞,马霞,395,294,华南,珠海
2827,张军,张军_922,883,473,华东,杭州
2828,黄芳,黄芳,745,219,华北,太原
2829,胡海,胡海,744,69,西南,成都
2830,孙丽,孙丽_297,768,200,华中,武汉
2831,高军,高军,907,216,华东,南昌
2832,朱峰,朱峰,367,588,华南,广州
2833,徐杰,徐杰,579,397,西南,贵阳
2834,张强2024,张强2024,968,178,华北,北京
2835,朱杰DISC,朱杰DISC,667,331,西北,西安
2836,王磊DISC,王磊DISC_668,754,426,西南,成都
2837,周辉,周辉_679,660,521,华中,长沙
2838,李磊,李磊_926,983,249,华北,呼和浩特
2839,杨霞DISC,杨霞DISC,909,558,西北,西宁
2840,张磊,张磊,174,649,西南,拉萨
2841,吴明@AI,吴明@AI,845,777,华北,石家庄
2842,李鹏,李鹏,387,240,西南,重庆
2843,张霞,张霞,960,496,西南,昆明
2844,何芳,何芳_699,958,194,华东,合肥
2845,孙洋,孙洋_950,857,444,西北,西宁
2846,罗军_Pro,罗军_Pro,592,403,华南,广州
2847,林洋,林洋_282,749,482,西南,拉萨
2848,马峰,马峰,736,54,西南,贵阳
2849,李强2024,李强2024_771,704,152,西北,兰州
2850,陈峰,陈峰,640,636,东北,沈阳
2851,杨伟@AI,杨伟@AI_962,429,70,西北,兰州
2852,张明,张明,902,442,华中,武汉
2853,孙磊,孙磊_944,725,249,华北,天津
2854,张强,张强,948,413,西北,兰州
2855,罗明,罗明_555,239,241,东北,沈阳
2856,黄军@AI,黄军@AI_961,526,746,华中,郑州
2857,胡辉2024,胡辉2024_483,464,330,华中,南昌
2858,周强,周强_361,296,459,华南,深圳
2859,张静DISC,张静DISC_334,740,666,华南,深圳
2860,杨杰,杨杰_964,966,207,西南,成都
2861,陈军,陈军_241,764,512,华南,海口
2862,李敏@AI,李敏@AI,746,283,西北,银川
2863,胡峰,胡峰_365,260,227,西北,西宁
2864,高洋,高洋,450,740,西北,西宁
2865,赵燕Tech,赵燕Tech_802,310,630,华南,深圳
2866,郭丽,郭丽,119,221,西南,昆明
2867,陈磊,陈磊,914,521,华中,郑州
2868,周辉,周辉,379,211,华南,佛山
2869,朱强,朱强_264,182,486,华中,长沙
2870,郭静,郭静_436,271,252,东北,大连
2871,赵强2024,赵强2024,965,591,东北,沈阳
2872,徐芳,徐芳_286,729,729,西南,拉萨
2873,罗杰,罗杰,266,122,华东,福州
2874,吴静,吴静,376,625,西南,贵阳
2875,吴霞2024,吴霞2024,185,435,西南,昆明
2876,胡燕,胡燕_205,566,232,华中,南昌
2877,王杰_Pro,王杰_Pro_473,605,216,华东,上海
2878,高辉2024,高辉2024,117,594,华南,海口
2879,马丽@AI,马丽@AI_894,527,579,东北,哈尔滨
2880,王军,王军_424,932,478,东北,长春
2881,马燕2024,马燕2024,583,566,东北,大连
2882,何勇Tech,何勇Tech_568,979,693,西南,成都
2883,孙丽_Pro,孙丽_Pro,531,595,西南,昆明
2884,王涛,王涛_168,955,622,华东,上海
2885,马伟,马伟,313,156,华中,武汉
2886,郭敏,郭敏_322,815,227,华南,南宁
2887,周海,周海_761,499,189,西北,西宁
2888,胡海_Pro,胡海_Pro_968,727,389,华中,长沙
2889,李霞,李霞_147,456,534,华北,呼和浩特
2890,刘丽,刘丽_988,182,414,华中,武汉
2891,罗勇,罗勇,611,141,华东,杭州
2892,杨磊,杨磊,174,465,华南,珠海
2893,李峰,李峰_217,902,644,华北,呼和浩特
2894,孙峰,孙峰_540,250,630,华南,南宁
2895,马静DISC,马静DISC_626,935,457,华中,长沙
2896,徐磊,徐磊,881,261,东北,长春
2897,何洋,何洋,435,668,西南,成都
2898,朱洋,朱洋_645,728,775,西北,乌鲁木齐
2899,黄涛,黄涛_213,559,468,华南,佛山
2900,何燕2024,何燕2024,823,135,华南,佛山
2901,黄霞,黄霞,614,495,东北,哈尔滨
2902,刘燕,刘燕_785,910,274,西南,拉萨
2903,刘伟,刘伟,827,73,华南,珠海
2904,林涛2024,林涛2024_419,138,737,东北,长春
2905,张燕,张燕,560,461,西南,成都
2906,胡燕DISC,胡燕DISC_698,181,438,东北,哈尔滨
2907,黄勇,黄勇_820,184,676,华中,南昌
2908,高丽,高丽,744,499,西南,拉萨
2909,陈敏,陈敏,618,109,西南,贵阳
2910,徐强_Pro,徐强_Pro_714,187,716,西南,重庆
2911,林丽DISC,林丽DISC_116,502,205,华东,济南
2912,吴杰,吴杰_445,809,301,华北,天津
2913,林洋,林洋_194,444,223,西南,拉萨
2914,李洋Tech,李洋Tech,107,558,西北,银川
2915,刘静,刘静,875,744,华南,海口
2916,郭霞DISC,郭霞DISC,723,164,华东,福州
2917,杨军@AI,杨军@AI_750,515,67,西北,西宁
2918,马霞,马霞_963,440,391,华北,天津
2919,周峰,周峰,389,577,西南,贵阳
2920,胡伟DISC,胡伟DISC_463,958,739,西北,西安
2921,王涛2024,王涛2024_892,654,747,西北,兰州
2922,赵海,赵海,904,104,西南,拉萨
2923,胡伟DISC,胡伟DISC_547,158,362,华东,南京
2924,李辉,李辉_905,868,89,华南,深圳
2925,刘敏,刘敏,548,589,华南,深圳
2926,朱霞,朱霞,178,655,华东,南昌
2927,黄敏2024,黄敏2024,126,173,西南,重庆
2928,黄敏,黄敏,821,116,东北,哈尔滨
2929,孙明,孙明,403,69,东北,大连
2930,李峰_Pro,李峰_Pro,188,510,华东,济南
2931,赵静,赵静,664,121,华中,南昌
2932,朱辉,朱辉,452,507,华南,广州
2933,吴静,吴静_381,475,179,华东,南京
2934,杨芳@AI,杨芳@AI,226,96,华北,石家庄
2935,吴峰,吴峰_271,279,516,西南,成都
2936,高明,高明_430,108,622,华东,杭州
2937,胡芳,胡芳_688,490,134,东北,长春
2938,何强,何强_862,344,556,华北,北京
2939,陈勇,陈勇,466,111,西南,成都
2940,林涛,林涛_904,408,189,西北,西安
2941,陈军,陈军,403,234,西南,贵阳
2942,郭霞,郭霞_853,148,698,华东,南昌
2943,刘芳Tech,刘芳Tech_254,868,622,华北,天津
2944,何芳,何芳,890,299,东北,哈尔滨
2945,刘霞@AI,刘霞@AI_478,557,756,西南,贵阳
2946,陈辉DISC,陈辉DISC,346,541,华中,南昌
2947,徐燕,徐燕,704,679,华北,天津
2948,高海,高海,218,151,东北,沈阳
2949,马燕_Pro,马燕_Pro,205,665,西南,昆明
2950,何辉,何辉_243,364,280,西北,兰州
2951,胡峰@AI,胡峰@AI_729,400,674,华中,武汉
2952,周海,周海,376,327,东北,长春
2953,王海,王海,959,335,华东,南昌
2954,黄洋,黄洋,442,217,华中,长沙
2955,周军_Pro,周军_Pro_228,401,243,华东,上海
2956,孙燕,孙燕_437,311,745,华南,海口
2957,杨鹏,杨鹏,537,533,华东,济南
2958,高杰Tech,高杰Tech_456,225,133,华东,济南
2959,李峰,李峰_480,783,407,华南,南宁
2960,陈静_Pro,陈静_Pro,977,393,华南,佛山
2961,周峰,周峰,500,326,西南,拉萨
2962,黄娜,黄娜_221,124,637,东北,大连
2963,何辉,何辉_312,519,591,华南,海口
2964,吴强,吴强_715,218,100,华东,南昌
2965,张强,张强,430,191,华南,珠海
2966,朱磊,朱磊,839,271,华东,上海
2967,朱燕,朱燕_522,829,490,华南,深圳
2968,赵洋,赵洋,104,403,华南,海口
2969,张磊,张磊_310,151,800,华南,海口
2970,杨洋@AI,杨洋@AI,836,298,西北,银川
2971,吴勇@AI,吴勇@AI_626,130,627,华中,武汉
2972,高勇,高勇,448,91,华东,南京
2973,张敏,张敏,344,680,华东,南昌
2974,马辉,马辉,339,648,华中,南昌
2975,刘勇,刘勇_253,321,376,西北,兰州
2976,郭军@AI,郭军@AI,816,146,华北,石家庄
2977,赵敏2024,赵敏2024,415,729,华南,深圳
2978,郭峰,郭峰_748,361,312,西南,成都
2979,周霞,周霞_456,164,741,西南,成都
2980,杨芳,杨芳,592,482,东北,沈阳
2981,王燕,王燕_444,300,572,东北,长春
2982,刘霞,刘霞_298,381,415,西北,西安
2983,李鹏,李鹏,101,561,华中,长沙
2984,周霞@AI,周霞@AI,990,639,华东,上海
2985,郭海,郭海_968,735,92,华中,长沙
2986,周鹏_Pro,周鹏_Pro,311,61,华东,合肥
2987,胡辉,胡辉_100,982,281,华南,珠海
2988,罗燕,罗燕_985,404,124,东北,哈尔滨
2989,吴磊,吴磊_779,131,401,西北,兰州
2990,周辉,周辉,947,255,华北,太原
2991,李丽2024,李丽2024_969,454,378,华东,合肥
2992,徐军,徐军_700,666,358,华北,呼和浩特
2993,朱鹏,朱鹏_901,544,600,华中,武汉
2994,王勇,王勇,546,191,东北,长春
2995,孙敏,孙敏_428,939,230,西北,西安
2996,郭芳,郭芳,806,73,西北,银川
2997,孙强,孙强_623,237,780,华中,郑州
2998,王燕,王燕,715,731,西南,拉萨
2999,周明2024,周明2024_861,893,91,西北,兰州
3000,黄静,黄静,916,220,华东,合肥
3001,赵峰2024,赵峰2024,401,315,华南,南宁
3002,刘娜,刘娜_895,308,278,华南,海口
3003,林勇,林勇_231,389,218,西北,西安
3004,李燕DISC,李燕DISC_226,656,222,西南,拉萨
3005,高丽,高丽_306,346,471,西南,昆明
3006,李强,李强_223,319,121,华南,广州
3007,王杰,王杰_389,228,384,东北,哈尔滨
3008,罗霞2024,罗霞2024,261,765,西北,西安
3009,刘磊Tech,刘磊Tech,642,412,华中,南昌
3010,杨燕DISC,杨燕DISC,170,530,华北,石家庄
3011,徐杰DISC,徐杰DISC,844,370,西南,昆明
3012,吴磊,吴磊,977,313,西北,乌鲁木齐
3013,周鹏Tech,周鹏Tech_590,540,275,东北,长春
3014,刘燕,刘燕,913,355,西北,乌鲁木齐
3015,李丽,李丽,632,546,华北,呼和浩特
3016,张敏,张敏,393,260,东北,长春
3017,罗鹏DISC,罗鹏DISC_342,818,770,华北,石家庄
3018,赵磊_Pro,赵磊_Pro_461,678,679,西南,成都
3019,孙娜,孙娜,910,199,东北,长春
3020,杨军,杨军_442,806,727,华中,长沙
3021,郭明,郭明_282,732,237,东北,大连
3022,徐勇DISC,徐勇DISC_848,494,60,华中,郑州
3023,赵峰,赵峰_140,385,705,华南,珠海
3024,林伟,林伟,128,676,东北,沈阳
3025,王伟,王伟,713,443,东北,长春
3026,罗静,罗静,563,375,华东,上海
3027,胡丽,胡丽,559,184,华中,长沙
3028,何海Tech,何海Tech_433,654,308,西北,银川
3029,罗伟Tech,罗伟Tech_546,834,474,华南,珠海
3030,胡丽,胡丽,759,392,华中,郑州
3031,黄勇,黄勇,649,765,华北,太原
3032,杨静,杨静,190,241,华南,深圳
3033,高海@AI,高海@AI,503,312,西南,贵阳
3034,李伟,李伟_637,248,214,华中,长沙
3035,陈芳,陈芳_411,906,631,华中,武汉
3036,周娜,周娜_672,647,740,华中,郑州
3037,孙伟,孙伟_393,600,654,西南,拉萨
3038,郭丽,郭丽,734,636,华北,天津
3039,陈丽,陈丽_670,583,184,华南,海口
3040,吴强DISC,吴强DISC,779,150,华北,呼和浩特
3041,吴杰,吴杰,980,655,西北,西宁
3042,郭明,郭明_420,500,347,华北,石家庄
3043,陈鹏,陈鹏,960,319,华北,天津
3044,黄涛@AI,黄涛@AI,736,748,华北,天津
3045,赵海_Pro,赵海_Pro,707,706,华北,天津
3046,李燕2024,李燕2024_384,399,621,华南,深圳
3047,杨静,杨静,263,629,西南,重庆
3048,杨芳,杨芳,376,592,华中,长沙
3049,黄峰Tech,黄峰Tech,101,470,西北,乌鲁木齐
3050,李强2024,李强2024_566,128,747,华中,南昌
3051,黄军,黄军,916,190,西北,乌鲁木齐
3052,李勇,李勇,941,303,西南,重庆
3053,李洋,李洋_859,389,793,华北,石家庄
3054,林涛,林涛,683,337,华南,广州
3055,张军,张军,192,745,华东,杭州
3056,罗敏,罗敏,319,404,华东,上海
3057,罗明,罗明_246,332,393,西南,拉萨
3058,林强,林强,685,728,西南,拉萨
3059,吴芳Tech,吴芳Tech,717,532,华南,南宁
3060,罗芳2024,罗芳2024_218,586,117,西北,兰州
3061,吴静,吴静,828,65,华中,郑州
3062,林丽,林丽,143,739,华南,深圳
3063,吴燕,吴燕,984,496,华中,长沙
3064,赵鹏DISC,赵鹏DISC_191,749,784,西南,拉萨
3065,赵军,赵军_182,214,546,华北,北京
3066,朱霞DISC,朱霞DISC,376,631,华南,佛山
3067,朱洋,朱洋_966,421,542,华北,呼和浩特
3068,王军_Pro,王军_Pro_628,825,488,华北,石家庄
3069,陈辉,陈辉_308,899,436,华北,呼和浩特
3070,何敏,何敏,623,215,华中,武汉
3071,周丽,周丽_803,640,773,华南,珠海
3072,李娜,李娜,843,670,华东,杭州
3073,周杰,周杰,787,427,华北,太原
3074,朱丽,朱丽,231,560,华东,南昌
3075,吴鹏,吴鹏,611,637,西南,拉萨
3076,王静Tech,王静Tech,590,271,西南,成都
3077,朱伟,朱伟,363,350,华东,南昌
3078,朱霞,朱霞_261,476,385,东北,沈阳
3079,何鹏,何鹏,569,92,华南,海口
3080,杨强_Pro,杨强_Pro_698,709,315,华南,深圳
3081,郭敏,郭敏,596,669,东北,长春
3082,刘勇,刘勇_628,485,518,西北,兰州
3083,高霞,高霞_299,746,212,华中,长沙
3084,徐军,徐军,122,168,华中,南昌
3085,张杰,张杰,959,172,华东,上海
3086,赵洋,赵洋_421,489,172,东北,长春
3087,李辉,李辉,433,256,华东,南昌
3088,黄娜DISC,黄娜DISC_461,825,419,西北,银川
3089,杨芳,杨芳,772,188,华中,郑州
3090,朱芳Tech,朱芳Tech,948,208,华中,南昌
3091,黄芳,黄芳,519,775,华南,佛山
3092,马静,马静,689,321,东北,长春
3093,张丽,张丽,604,71,华南,广州
3094,朱强,朱强,290,89,华南,南宁
3095,杨磊,杨磊,931,718,东北,大连
3096,胡丽Tech,胡丽Tech_430,997,736,西南,昆明
3097,张伟2024,张伟2024,313,572,东北,长春
3098,罗军,罗军_506,440,93,西南,成都
3099,杨强,杨强_815,514,574,华北,天津
3100,张鹏_Pro,张鹏_Pro,717,55,西南,拉萨
3101,何丽,何丽_532,278,363,东北,沈阳
3102,朱杰@AI,朱杰@AI,820,703,东北,哈尔滨
3103,黄杰DISC,黄杰DISC_814,772,651,华中,武汉
3104,张磊,张磊_786,981,407,西北,兰州
3105,吴明2024,吴明2024_209,764,407,华北,石家庄
3106,赵伟,赵伟,272,103,西北,银川
3107,马明2024,马明2024,165,275,华北,北京
3108,黄海,黄海,717,147,华中,南昌
3109,罗伟@AI,罗伟@AI_629,273,580,华北,北京
3110,黄丽,黄丽,577,742,华中,南昌
3111,林芳,林芳_430,119,385,华南,南宁
3112,孙丽2024,孙丽2024,967,224,西南,贵阳
3113,胡磊,胡磊,796,645,华南,佛山
3114,高丽,高丽,804,578,东北,沈阳
3115,张强2024,张强2024,387,170,东北,哈尔滨
3116,马明,马明,682,176,华北,北京
3117,杨霞Tech,杨霞Tech_100,127,543,华南,广州
3118,罗强,罗强_108,696,457,东北,大连
3119,马海@AI,马海@AI,720,667,华中,南昌
3120,胡峰Tech,胡峰Tech,912,743,华北,呼和浩特
3121,徐涛,徐涛_301,218,506,西北,西宁
3122,张磊,张磊_846,593,348,西北,西宁
3123,郭伟,郭伟,728,64,华北,天津
3124,何霞,何霞_207,315,595,西南,贵阳
3125,徐敏,徐敏,863,631,华东,南昌
3126,周敏,周敏_166,349,599,东北,沈阳
3127,李霞,李霞,977,486,华东,南京
3128,刘伟,刘伟_147,888,662,华北,北京
3129,刘峰,刘峰_681,453,189,华中,南昌
3130,赵磊,赵磊,658,645,西南,重庆
3131,周鹏2024,周鹏2024_141,441,643,华北,石家庄
3132,黄鹏,黄鹏,831,537,西北,西宁
3133,张勇@AI,张勇@AI_520,397,516,西北,西安
3134,张鹏DISC,张鹏DISC,863,232,华东,南昌
3135,李峰DISC,李峰DISC_595,956,313,华东,南昌
3136,黄涛,黄涛_648,467,296,华南,珠海
3137,吴鹏,吴鹏,358,702,华北,呼和浩特
3138,吴军,吴军,898,589,西南,重庆
3139,王娜,王娜,218,287,华南,南宁
3140,罗磊,罗磊,322,147,华东,南昌
3141,马丽,马丽_567,810,238,西北,兰州
3142,周霞,周霞_709,447,654,华南,海口
3143,王明2024,王明2024_258,901,673,西南,拉萨
3144,马明,马明,298,168,东北,哈尔滨
3145,朱鹏,朱鹏,671,96,西南,拉萨
3146,胡洋2024,胡洋2024,481,718,西南,成都
3147,郭伟,郭伟_895,452,567,东北,长春
3148,孙敏@AI,孙敏@AI,611,676,西北,乌鲁木齐
3149,周军_Pro,周军_Pro,592,497,华南,佛山
3150,刘峰@AI,刘峰@AI,361,800,东北,大连
3151,胡静,胡静,650,452,华中,郑州
3152,何强,何强_151,188,444,华南,深圳
3153,黄洋,黄洋,696,238,华中,长沙
3154,黄军,黄军_645,180,726,西北,西宁
3155,胡磊,胡磊_737,464,370,西北,乌鲁木齐
3156,马峰,马峰,556,457,东北,大连
3157,朱洋,朱洋_816,533,102,华北,太原
3158,陈杰,陈杰_585,238,278,华北,呼和浩特
3159,朱磊,朱磊_442,965,165,东北,大连
3160,吴磊,吴磊,252,60,西南,拉萨
3161,郭娜_Pro,郭娜_Pro,408,636,西南,重庆
3162,刘霞,刘霞_773,978,282,西南,贵阳
3163,张霞,张霞_737,687,68,华中,南昌
3164,张辉,张辉,897,797,华南,南宁
3165,罗磊Tech,罗磊Tech_433,418,203,华中,南昌
3166,陈敏,陈敏,730,155,西南,昆明
3167,刘涛,刘涛,319,591,东北,长春
3168,黄霞,黄霞_225,402,648,西北,乌鲁木齐
3169,朱勇,朱勇,493,537,华南,南宁
3170,胡磊,胡磊_517,625,273,西北,兰州
3171,周静,周静,248,753,华北,太原
3172,孙海,孙海_993,238,528,华南,深圳
3173,吴丽DISC,吴丽DISC,391,291,西北,兰州
3174,胡辉Tech,胡辉Tech_564,214,244,华北,太原
3175,吴峰,吴峰,369,695,西北,西安
3176,胡涛@AI,胡涛@AI_408,871,421,东北,哈尔滨
3177,罗勇,罗勇,717,599,西北,西宁
3178,张丽,张丽,401,765,华东,合肥
3179,周洋,周洋_676,627,117,东北,长春
3180,罗静,罗静,549,347,西北,兰州
3181,赵军2024,赵军2024,904,744,华北,太原
3182,李杰,李杰,242,315,华南,珠海
3183,高敏DISC,高敏DISC_583,384,625,华南,海口
3184,杨磊,杨磊_988,160,387,华北,太原
3185,何娜2024,何娜2024,290,179,西北,银川
3186,徐芳_Pro,徐芳_Pro_834,312,684,东北,大连
3187,黄磊DISC,黄磊DISC,635,724,华中,南昌
3188,朱杰,朱杰_175,725,488,西南,成都
3189,赵霞,赵霞,423,443,华北,石家庄
3190,刘燕,刘燕,565,99,西南,贵阳
3191,郭燕,郭燕,200,414,西南,重庆
3192,王勇,王勇,166,159,华北,太原
3193,赵洋,赵洋,115,67,华中,南昌
3194,李静,李静,962,640,东北,大连
3195,徐辉,徐辉,783,789,西北,西安
3196,杨勇@AI,杨勇@AI,628,89,西北,兰州
3197,周丽,周丽,733,72,华中,郑州
3198,徐明DISC,徐明DISC_705,911,447,西北,兰州
3199,吴海,吴海,413,762,西南,昆明
3200,王霞2024,王霞2024_350,592,189,西南,贵阳
3201,陈丽,陈丽_987,136,755,西南,拉萨
3202,高霞@AI,高霞@AI_476,525,317,华中,南昌
3203,高鹏,高鹏_237,642,639,华东,上海
3204,马静,马静,413,233,华北,石家庄
3205,胡海,胡海,656,156,华北,呼和浩特
3206,罗燕,罗燕_658,675,584,华东,福州
3207,陈强Tech,陈强Tech_564,495,313,华北,呼和浩特
3208,朱洋2024,朱洋2024_379,514,463,西南,拉萨
3209,刘静,刘静_735,704,633,东北,沈阳
3210,郭鹏Tech,郭鹏Tech_603,735,121,华北,呼和浩特
3211,赵强Tech,赵强Tech_100,929,461,东北,长春
3212,周静,周静_132,299,201,西北,兰州
3213,罗伟,罗伟,744,258,华东,济南
3214,罗军Tech,罗军Tech_191,455,207,华南,深圳
3215,徐芳,徐芳_369,781,611,东北,大连
3216,朱霞,朱霞,662,651,西南,拉萨
3217,陈静,陈静,558,391,西南,贵阳
3218,赵娜,赵娜,611,274,华中,长沙
3219,李海,李海_771,733,519,华东,南京
3220,吴伟,吴伟_707,694,742,西南,成都
3221,刘娜,刘娜,679,711,华中,南昌
3222,黄军,黄军,462,737,西南,拉萨
3223,张强@AI,张强@AI_900,885,685,华北,北京
3224,胡洋_Pro,胡洋_Pro_336,645,513,华中,长沙
3225,何勇,何勇_336,606,632,西南,拉萨
3226,朱明,朱明,178,136,西南,昆明
3227,王磊,王磊_709,664,246,华中,郑州
3228,何鹏,何鹏,897,433,华中,郑州
3229,黄强,黄强,137,549,西南,拉萨
3230,胡明_Pro,胡明_Pro_642,249,416,华中,长沙
3231,吴勇DISC,吴勇DISC_249,717,90,华北,天津
3232,徐海,徐海_353,782,264,东北,哈尔滨
3233,李辉,李辉_563,710,227,华南,海口
3234,朱洋Tech,朱洋Tech_650,905,691,东北,大连
3235,高芳,高芳,530,221,东北,大连
3236,徐明,徐明,678,115,华北,天津
3237,何明,何明,627,92,华东,福州
3238,朱峰,朱峰_867,397,691,西北,西安
3239,黄伟,黄伟,362,798,西北,银川
3240,高勇,高勇,174,613,西南,拉萨
3241,林静,林静,348,486,华南,珠海
3242,马丽,马丽,526,191,华中,长沙
3243,陈海2024,陈海2024_777,977,621,西南,昆明
3244,赵伟,赵伟,479,219,西北,西安
3245,李峰,李峰_414,716,706,西南,贵阳
3246,王勇,王勇_370,489,225,西北,兰州
3247,何辉,何辉,146,733,华中,武汉
3248,马洋,马洋_883,293,134,东北,大连
3249,林涛,林涛,746,756,华北,呼和浩特
3250,周杰,周杰_406,835,511,华南,珠海
3251,黄洋,黄洋_887,534,262,东北,沈阳
3252,王明,王明_101,729,690,西南,贵阳
3253,林丽,林丽_179,216,643,西南,成都
3254,黄燕,黄燕_190,386,723,华东,合肥
3255,赵霞@AI,赵霞@AI,425,344,华中,武汉
3256,胡海,胡海_916,588,701,东北,哈尔滨
3257,黄强,黄强_536,327,524,西北,西宁
3258,赵敏2024,赵敏2024,722,789,华南,佛山
3259,吴鹏,吴鹏_220,468,786,华南,广州
3260,徐静,徐静,567,126,西北,乌鲁木齐
3261,胡涛Tech,胡涛Tech_998,260,155,华北,北京
3262,周辉@AI,周辉@AI,936,670,西南,昆明
3263,陈强@AI,陈强@AI,798,768,西南,重庆
3264,吴芳,吴芳_956,431,522,华北,太原
3265,刘芳,刘芳_328,729,629,华中,郑州
3266,胡娜,胡娜_119,433,741,东北,大连
3267,吴鹏@AI,吴鹏@AI_994,634,600,东北,沈阳
3268,何燕,何燕,487,492,东北,长春
3269,郭磊,郭磊_564,627,580,西南,重庆
3270,王伟,王伟,749,542,华南,南宁
3271,徐燕,徐燕_467,399,248,华中,武汉
3272,胡海,胡海,636,93,华南,海口
3273,马辉@AI,马辉@AI_842,988,773,西北,西宁
3274,何静_Pro,何静_Pro_439,894,297,华南,珠海
3275,马娜2024,马娜2024_206,725,263,华中,郑州
3276,胡磊,胡磊,466,616,华北,石家庄
3277,林娜,林娜,460,530,华南,海口
3278,马杰2024,马杰2024_554,375,688,华南,海口
3279,刘芳DISC,刘芳DISC_470,780,760,华北,太原
3280,陈燕,陈燕_234,880,362,东北,大连
3281,刘娜,刘娜,254,92,西南,成都
3282,周杰,周杰_774,596,754,华中,南昌
3283,高静DISC,高静DISC_972,387,284,华北,北京
3284,吴芳,吴芳_204,357,233,华南,南宁
3285,林静2024,林静2024,951,757,华北,石家庄
3286,林娜2024,林娜2024_625,815,53,西南,昆明
3287,王鹏Tech,王鹏Tech,491,307,东北,长春
3288,罗明,罗明_192,785,119,华南,南宁
3289,罗鹏,罗鹏_612,250,103,华北,太原
3290,李军DISC,李军DISC_581,921,322,华中,武汉
3291,徐磊,徐磊_147,971,675,华北,太原
3292,李杰,李杰,970,85,华东,合肥
3293,何海,何海,111,157,东北,大连
3294,何静,何静,277,726,东北,长春
3295,高辉_Pro,高辉_Pro,898,315,西北,乌鲁木齐
3296,王海2024,王海2024_445,575,362,华东,杭州
3297,罗敏,罗敏_593,544,474,华南,深圳
3298,张涛,张涛,285,314,华东,合肥
3299,徐明,徐明,543,328,华北,呼和浩特
3300,李勇,李勇,501,740,西北,西安
3301,罗涛,罗涛_657,917,241,华北,天津
3302,孙丽2024,孙丽2024_505,526,649,华中,长沙
3303,郭鹏_Pro,郭鹏_Pro_594,721,785,东北,沈阳
3304,马峰Tech,马峰Tech_766,845,507,华北,北京
3305,何洋,何洋_552,205,701,华东,福州
3306,张敏,张敏,876,97,华北,石家庄
3307,朱海,朱海_828,930,342,西北,乌鲁木齐
3308,孙伟,孙伟_656,227,51,东北,哈尔滨
3309,周芳,周芳_267,795,439,华中,武汉
3310,徐霞,徐霞_214,416,206,华中,南昌
3311,林海Tech,林海Tech,931,795,华南,海口
3312,黄明,黄明_724,156,315,华东,杭州
3313,高明,高明,643,615,华北,呼和浩特
3314,陈勇,陈勇_313,588,278,华东,上海
3315,罗强,罗强_140,949,301,华北,北京
3316,林军,林军,932,506,华北,北京
3317,王峰,王峰,849,560,华北,北京
3318,高娜,高娜_375,334,619,华东,南京
3319,周丽Tech,周丽Tech,302,210,华南,南宁
3320,黄伟,黄伟_584,658,239,华南,深圳
3321,张强,张强,129,63,东北,长春
3322,李杰,李杰,923,336,华南,珠海
3323,林敏Tech,林敏Tech_155,182,722,东北,哈尔滨
3324,刘明_Pro,刘明_Pro_729,613,95,华南,南宁
3325,吴静@AI,吴静@AI_372,226,138,西北,西安
3326,胡峰,胡峰,501,77,华中,武汉
3327,林军_Pro,林军_Pro,279,374,华东,济南
3328,吴辉,吴辉_382,811,330,西南,重庆
3329,陈鹏,陈鹏,118,484,西北,银川
3330,徐霞,徐霞,765,235,西北,兰州
3331,孙涛,孙涛_138,530,154,华北,呼和浩特
3332,朱燕Tech,朱燕Tech,988,423,东北,大连
3333,赵芳,赵芳,189,397,华北,北京
3334,郭鹏_Pro,郭鹏_Pro,271,306,华南,深圳
3335,徐杰@AI,徐杰@AI,468,193,华南,深圳
3336,张丽,张丽_780,836,527,华南,南宁
3337,张海,张海_194,310,290,华南,南宁
3338,徐磊,徐磊,599,234,华中,武汉
3339,吴静,吴静,804,387,华南,深圳
3340,王静,王静_388,781,490,华东,济南
3341,张鹏Tech,张鹏Tech_450,976,595,东北,哈尔滨
3342,徐芳,徐芳_158,262,606,华北,北京
3343,高伟Tech,高伟Tech,195,698,华中,南昌
3344,陈燕Tech,陈燕Tech,255,745,华南,珠海
3345,王辉,王辉,421,518,华东,福州
3346,林敏,林敏_503,659,587,华北,呼和浩特
3347,周磊,周磊_308,971,612,西北,兰州
3348,王鹏,王鹏,473,539,华中,南昌
3349,徐海Tech,徐海Tech,309,489,华中,南昌
3350,高强,高强_368,890,462,华南,广州
3351,何明,何明,975,571,西北,西宁
3352,罗杰DISC,罗杰DISC,315,668,华北,石家庄
3353,朱霞_Pro,朱霞_Pro,201,585,东北,大连
3354,王娜,王娜,462,669,华东,福州
3355,周杰,周杰_358,912,128,华北,呼和浩特
3356,赵芳,赵芳_251,109,308,西北,西宁
3357,刘敏,刘敏_544,668,589,华东,合肥
3358,何伟@AI,何伟@AI_582,614,222,东北,哈尔滨
3359,周强,周强,829,553,西南,拉萨
3360,林鹏,林鹏,730,357,西北,乌鲁木齐
3361,马芳,马芳_742,259,418,华东,济南
3362,吴明Tech,吴明Tech,973,160,西北,西宁
3363,林涛,林涛_846,586,58,西南,成都
3364,黄涛,黄涛,387,78,华东,南昌
3365,徐霞DISC,徐霞DISC_583,763,161,华东,南京
3366,何敏DISC,何敏DISC_540,768,488,华东,福州
3367,胡海,胡海_690,112,713,华南,南宁
3368,周海Tech,周海Tech,662,638,华北,太原
3369,王海,王海_670,569,699,西北,西宁
3370,李峰,李峰_591,310,221,西南,拉萨
3371,孙杰_Pro,孙杰_Pro_575,909,703,华北,天津
3372,朱伟2024,朱伟2024,426,158,华南,南宁
3373,马杰_Pro,马杰_Pro,496,737,西南,贵阳
3374,郭军,郭军_236,954,455,西南,昆明
3375,郭静,郭静_393,421,429,东北,哈尔滨
3376,吴敏,吴敏,177,795,华中,郑州
3377,吴海,吴海,657,638,西南,昆明
3378,赵敏,赵敏_552,636,441,华中,长沙
3379,李鹏,李鹏_480,430,598,东北,哈尔滨
3380,何辉,何辉,918,211,东北,长春
3381,马海_Pro,马海_Pro_188,656,773,东北,长春
3382,陈伟2024,陈伟2024,731,518,华中,郑州
3383,王强,王强_263,323,54,西北,兰州
3384,林杰,林杰,791,110,东北,沈阳
3385,郭海,郭海,899,651,东北,沈阳
3386,胡海,胡海_459,534,299,东北,长春
3387,高杰,高杰_552,729,83,华中,武汉
3388,孙敏,孙敏,404,223,西北,银川
3389,孙燕,孙燕_149,261,336,西南,昆明
3390,胡霞,胡霞,212,317,东北,大连
3391,马磊2024,马磊2024,946,513,华北,呼和浩特
3392,马辉,马辉_251,299,72,西北,西宁
3393,罗涛2024,罗涛2024,837,645,东北,大连
3394,张霞,张霞_350,587,117,东北,哈尔滨
3395,吴芳,吴芳_840,543,397,华东,南昌
3396,林强,林强_763,884,607,东北,长春
3397,徐鹏@AI,徐鹏@AI_182,546,621,西北,银川
3398,郭峰,郭峰,272,767,华南,南宁
3399,孙燕,孙燕_726,698,683,西北,银川
3400,刘杰,刘杰,100,730,东北,哈尔滨
3401,马涛,马涛,167,395,东北,哈尔滨
3402,张辉@AI,张辉@AI_709,355,77,西北,西宁
3403,郭敏,郭敏_505,529,449,华南,广州
3404,马勇,马勇_341,938,678,华中,郑州
3405,何军,何军,859,638,华东,南京
3406,徐辉DISC,徐辉DISC_265,864,340,华南,南宁
3407,周明@AI,周明@AI_228,722,660,华北,北京
3408,郭伟@AI,郭伟@AI,813,683,西北,乌鲁木齐
3409,王勇_Pro,王勇_Pro_329,202,328,华东,南昌
3410,张燕_Pro,张燕_Pro_524,859,771,东北,大连
3411,罗芳DISC,罗芳DISC,142,787,华东,济南
3412,周勇,周勇_806,246,725,华北,呼和浩特
3413,胡杰,胡杰,672,274,东北,长春
3414,林海,林海_265,283,260,华中,武汉
3415,吴明@AI,吴明@AI,420,658,西南,重庆
3416,张勇,张勇_526,490,381,西南,昆明
3417,高鹏,高鹏,133,363,华中,郑州
3418,胡静2024,胡静2024_815,426,790,西南,重庆
3419,孙磊_Pro,孙磊_Pro_193,122,218,华北,太原
3420,郭军,郭军,873,552,华中,郑州
3421,吴磊,吴磊_271,751,662,华东,济南
3422,胡芳,胡芳_321,905,225,华南,南宁
3423,徐峰,徐峰,577,723,西南,贵阳
3424,胡丽DISC,胡丽DISC,265,383,西北,银川
3425,胡鹏,胡鹏,705,375,华北,呼和浩特
3426,徐伟2024,徐伟2024_284,454,200,华中,武汉
3427,陈杰,陈杰,666,673,东北,大连
3428,刘燕,刘燕_609,623,670,华南,佛山
3429,王伟,王伟,713,133,东北,长春
3430,孙丽,孙丽,280,533,华中,武汉
3431,周军,周军_132,959,427,西南,昆明
3432,刘敏,刘敏,183,57,华东,上海
3433,陈芳,陈芳,838,787,华北,北京
3434,吴军,吴军,341,90,华北,太原
3435,罗芳_Pro,罗芳_Pro,929,327,西南,拉萨
3436,王海,王海_992,127,563,华北,太原
3437,赵丽,赵丽,657,776,西北,西宁
3438,王勇,王勇,841,797,东北,长春
3439,刘芳,刘芳_651,219,107,华东,上海
3440,吴霞,吴霞,354,272,华北,北京
3441,孙霞,孙霞,265,160,华北,石家庄
3442,胡峰@AI,胡峰@AI_410,497,655,华北,太原
3443,郭杰,郭杰_332,902,160,华北,太原
3444,马杰,马杰,374,630,西北,西安
3445,孙鹏,孙鹏_999,290,436,华东,济南
3446,陈霞,陈霞,638,660,华中,南昌
3447,林伟,林伟,161,622,华南,广州
3448,黄磊2024,黄磊2024,904,180,华东,济南
3449,孙明,孙明,661,412,西南,成都
3450,郭海_Pro,郭海_Pro,460,689,华东,南京
3451,朱明,朱明_748,345,429,华中,南昌
3452,胡勇,胡勇_920,813,198,华东,福州
3453,陈辉_Pro,陈辉_Pro,393,762,华北,太原
3454,朱敏,朱敏,748,299,西南,重庆
3455,郭涛,郭涛_836,478,311,华东,南京
3456,林芳,林芳_515,658,61,东北,大连
3457,张燕,张燕_248,852,140,华中,武汉
3458,王磊,王磊_478,907,410,东北,沈阳
3459,周娜DISC,周娜DISC_405,417,341,西北,乌鲁木齐
3460,林燕@AI,林燕@AI,303,96,西北,兰州
3461,张勇,张勇,365,525,西北,西宁
3462,张丽,张丽_496,120,585,华东,南昌
3463,王敏_Pro,王敏_Pro_855,978,150,西南,贵阳
3464,朱敏,朱敏_948,752,522,华南,深圳
3465,吴军@AI,吴军@AI,863,239,西南,昆明
3466,黄勇,黄勇,754,400,东北,大连
3467,罗静_Pro,罗静_Pro_334,579,494,东北,长春
3468,胡洋,胡洋_352,677,399,华南,广州
3469,杨海,杨海_481,787,655,东北,大连
3470,徐磊,徐磊,557,218,西北,乌鲁木齐
3471,陈强,陈强_810,637,508,华南,佛山
3472,王鹏,王鹏,714,109,华中,武汉
3473,杨杰,杨杰_613,732,427,华南,佛山
3474,高敏,高敏,350,445,华南,珠海
3475,郭辉,郭辉,133,356,华北,石家庄
3476,何丽,何丽,319,549,华中,武汉
3477,王海,王海,866,228,华东,杭州
3478,高峰,高峰,107,797,华南,深圳
3479,孙海_Pro,孙海_Pro_655,505,141,东北,长春
3480,杨明,杨明_596,606,208,东北,大连
3481,马磊,马磊,289,557,华南,佛山
3482,郭强,郭强,368,620,华南,深圳
3483,马伟@AI,马伟@AI,716,523,华中,武汉
3484,徐海,徐海,748,566,东北,大连
3485,张海,张海_961,392,340,西南,拉萨
3486,胡明DISC,胡明DISC,356,334,西南,昆明
3487,周涛,周涛_499,618,575,西南,贵阳
3488,朱海,朱海_790,302,121,华中,南昌
3489,何杰,何杰_903,902,480,华北,太原
3490,王丽@AI,王丽@AI,588,233,西北,西安
3491,陈伟2024,陈伟2024,401,179,华南,海口
3492,徐芳,徐芳_745,926,537,东北,长春
3493,刘军,刘军,925,478,华东,合肥
3494,郭明,郭明_839,157,257,华东,南昌
3495,马静,马静,739,180,华东,南昌
3496,孙鹏,孙鹏_380,762,760,华东,合肥
3497,吴静2024,吴静2024,250,595,西北,银川
3498,陈海,陈海,371,268,华东,济南
3499,孙伟2024,孙伟2024,673,619,东北,哈尔滨
3500,马勇,马勇_750,923,435,华北,石家庄
3501,陈丽Tech,陈丽Tech_160,813,263,西南,重庆
3502,陈鹏,陈鹏,823,419,西南,拉萨
3503,黄海,黄海,692,564,西南,昆明
3504,何芳,何芳_844,661,596,华中,长沙
3505,何静Tech,何静Tech_450,214,398,华东,济南
3506,高静2024,高静2024_759,338,559,华东,合肥
3507,孙辉,孙辉_283,352,304,华北,北京
3508,黄辉,黄辉_966,685,151,华北,石家庄
3509,高娜,高娜,178,453,东北,大连
3510,王鹏,王鹏_383,642,138,西南,重庆
3511,高鹏,高鹏_482,647,401,东北,哈尔滨
3512,郭芳Tech,郭芳Tech_333,360,722,西北,乌鲁木齐
3513,杨霞,杨霞_180,330,668,西北,西安
3514,陈静Tech,陈静Tech_990,146,591,华南,深圳
3515,杨杰,杨杰,657,313,东北,长春
3516,马海,马海,540,172,东北,大连
3517,郭海@AI,郭海@AI,548,283,华南,海口
3518,吴霞,吴霞_280,100,788,华北,呼和浩特
3519,周强,周强_843,108,261,西北,兰州
3520,刘军,刘军_823,631,576,华东,上海
3521,徐鹏,徐鹏,916,571,西北,西宁
3522,陈静,陈静_923,966,465,华南,深圳
3523,孙海,孙海,718,452,华北,北京
3524,何磊@AI,何磊@AI_621,173,279,华中,南昌
3525,朱娜@AI,朱娜@AI,422,776,华北,北京
3526,马明,马明,676,680,华东,合肥
3527,马强,马强_963,155,124,华南,海口
3528,张燕,张燕,881,599,西南,昆明
3529,胡伟,胡伟,789,182,华中,长沙
3530,马磊Tech,马磊Tech,147,390,西南,成都
3531,吴杰,吴杰_133,233,788,东北,哈尔滨
3532,王杰,王杰,540,60,华南,广州
3533,朱勇2024,朱勇2024_365,494,712,东北,哈尔滨
3534,朱敏,朱敏,732,524,西南,成都
3535,周霞_Pro,周霞_Pro_793,478,256,西南,昆明
3536,孙丽Tech,孙丽Tech_664,327,242,西北,西安
3537,吴霞,吴霞_754,322,84,华南,佛山
3538,周丽,周丽_732,553,446,华中,武汉
3539,徐涛,徐涛_767,994,339,华中,南昌
3540,郭勇,郭勇_366,870,191,东北,沈阳
3541,何辉_Pro,何辉_Pro_407,297,581,华东,杭州
3542,刘海,刘海,866,767,华南,深圳
3543,赵明,赵明_312,239,729,华南,海口
3544,吴涛DISC,吴涛DISC,391,369,华南,广州
3545,郭峰,郭峰_469,126,627,华南,深圳
3546,王霞,王霞,180,302,华南,珠海
3547,赵强,赵强,420,566,华东,南京
3548,何丽Tech,何丽Tech_756,436,322,华东,济南
3549,张敏_Pro,张敏_Pro_247,626,420,东北,大连
3550,朱霞Tech,朱霞Tech_881,693,71,华南,珠海
3551,刘明,刘明,409,153,华东,杭州
3552,朱明,朱明_231,826,564,华南,广州
3553,陈芳,陈芳_763,205,525,华南,南宁
3554,赵鹏Tech,赵鹏Tech_969,830,592,西北,西宁
3555,罗明,罗明,130,68,东北,沈阳
3556,刘磊,刘磊,243,581,东北,哈尔滨
3557,赵霞,赵霞_459,411,732,东北,哈尔滨
3558,罗霞,罗霞,438,251,西南,拉萨
3559,朱强,朱强,136,702,华北,太原
3560,刘勇,刘勇_408,410,119,西北,乌鲁木齐
3561,孙敏DISC,孙敏DISC_751,185,484,西南,贵阳
3562,马军,马军,417,394,西南,昆明
3563,孙明,孙明,624,341,华东,南京
3564,王洋2024,王洋2024,898,240,华北,北京
3565,朱杰,朱杰_887,351,496,东北,哈尔滨
3566,王辉,王辉_798,334,551,东北,长春
3567,林军,林军,784,186,华南,珠海
3568,林静,林静,586,71,东北,长春
3569,徐涛,徐涛_581,192,265,华东,福州
3570,朱勇,朱勇,405,348,华南,佛山
3571,吴鹏2024,吴鹏2024,966,203,西北,兰州
3572,吴燕,吴燕,399,561,华中,长沙
3573,吴军,吴军_882,261,282,华东,杭州
3574,罗强,罗强_144,308,182,西北,乌鲁木齐
3575,刘伟,刘伟_375,926,566,华北,北京
3576,陈杰,陈杰,337,60,华南,广州
3577,孙涛,孙涛_189,954,700,西北,西宁
3578,林磊,林磊,264,557,华北,太原
3579,孙峰DISC,孙峰DISC,643,466,华东,南京
3580,杨伟,杨伟_191,191,740,华南,南宁
3581,周强,周强_109,990,294,西北,乌鲁木齐
3582,林军,林军_913,766,749,华北,北京
3583,黄海,黄海,308,711,华东,合肥
3584,黄芳,黄芳,726,243,华东,济南
3585,李霞DISC,李霞DISC_183,836,541,东北,大连
3586,周洋,周洋_145,707,614,华东,南京
3587,吴军Tech,吴军Tech,434,764,西南,贵阳
3588,吴明,吴明_186,287,334,华北,呼和浩特
3589,吴军,吴军_236,675,288,华北,太原
3590,刘杰,刘杰_606,618,432,华南,珠海
3591,张海,张海,620,425,华东,上海
3592,孙峰2024,孙峰2024,917,644,华北,呼和浩特
3593,刘娜,刘娜,719,218,华中,郑州
3594,王霞,王霞_666,565,576,西南,重庆
3595,周丽,周丽,105,352,东北,哈尔滨
3596,胡海,胡海,238,158,华东,南昌
3597,孙勇,孙勇,333,374,西南,拉萨
3598,高峰_Pro,高峰_Pro_120,328,253,西南,重庆
3599,杨燕,杨燕_537,516,237,东北,长春
3600,郭海,郭海_843,181,355,西北,西安
3601,孙涛,孙涛_633,848,194,华东,济南
3602,杨强2024,杨强2024,562,169,西南,成都
3603,马磊,马磊_996,548,179,西南,贵阳
3604,郭芳,郭芳_972,173,714,西北,兰州
3605,周辉,周辉_779,207,85,西南,拉萨
3606,赵海,赵海,832,571,东北,大连
3607,黄洋_Pro,黄洋_Pro_740,658,386,华东,杭州
3608,孙丽,孙丽_365,350,503,华东,济南
3609,林海2024,林海2024,869,149,华东,福州
3610,吴燕Tech,吴燕Tech,234,333,华东,合肥
3611,杨海,杨海,618,696,东北,大连
3612,马敏,马敏_113,110,659,西北,西宁
3613,何涛,何涛_985,989,348,华中,郑州
3614,马娜@AI,马娜@AI,806,436,西北,西宁
3615,马娜,马娜,444,346,华北,石家庄
3616,何涛2024,何涛2024_801,153,347,华东,南昌
3617,何磊,何磊_455,301,178,华中,郑州
3618,陈伟,陈伟_641,627,312,西北,西宁
3619,黄杰,黄杰,616,624,华南,广州
3620,周敏,周敏,743,165,华中,郑州
3621,黄洋,黄洋,522,745,华东,南京
3622,张洋,张洋_351,545,469,华东,福州
3623,吴伟DISC,吴伟DISC_868,362,340,西北,西宁
3624,吴峰DISC,吴峰DISC_508,259,608,东北,沈阳
3625,杨海,杨海,330,776,华北,呼和浩特
3626,杨霞,杨霞_393,623,598,华东,杭州
3627,吴涛,吴涛_290,275,762,华北,太原
3628,杨鹏DISC,杨鹏DISC,476,84,华南,深圳
3629,吴军,吴军_264,690,93,西南,贵阳
3630,周海_Pro,周海_Pro,378,522,东北,沈阳
3631,何敏,何敏,463,135,华东,南昌
3632,周明,周明_674,131,118,华中,武汉
3633,黄霞,黄霞_584,475,280,华东,南京
3634,刘强,刘强_586,373,676,东北,长春
3635,周磊,周磊,687,110,西北,银川
3636,徐洋_Pro,徐洋_Pro,900,380,华南,珠海
3637,林霞,林霞,569,753,华中,郑州
3638,何涛,何涛_555,481,51,东北,大连
3639,杨磊,杨磊_481,452,73,西北,西宁
3640,张勇,张勇,322,78,华中,武汉
3641,胡丽,胡丽_508,698,259,东北,哈尔滨
3642,陈霞,陈霞_555,680,58,西北,兰州
3643,孙敏,孙敏_599,630,166,华南,南宁
3644,赵杰,赵杰_573,250,381,西北,兰州
3645,张洋Tech,张洋Tech_950,602,518,西北,银川
3646,杨强,杨强_326,863,361,华中,南昌
3647,孙霞,孙霞_612,153,663,华东,福州
3648,罗明,罗明,806,699,华北,北京
3649,林涛,林涛_925,322,222,西南,重庆
3650,林海,林海,246,592,华南,海口
3651,李燕,李燕_847,492,220,华北,呼和浩特
3652,杨丽,杨丽,692,320,华东,合肥
3653,何敏,何敏,489,86,华北,天津
3654,赵磊,赵磊_994,859,233,华北,太原
3655,胡明,胡明_867,356,481,西北,乌鲁木齐
3656,罗杰@AI,罗杰@AI,810,391,西南,贵阳
3657,何芳,何芳,629,146,西南,昆明
3658,朱辉Tech,朱辉Tech_338,923,65,华中,郑州
3659,高燕,高燕_162,830,263,东北,哈尔滨
3660,张芳,张芳,527,697,华东,上海
3661,郭勇,郭勇,206,633,华中,南昌
3662,刘海_Pro,刘海_Pro,724,499,华南,佛山
3663,郭敏,郭敏,936,495,华北,北京
3664,郭涛,郭涛,456,191,华中,郑州
3665,罗燕@AI,罗燕@AI,359,754,东北,长春
3666,王芳,王芳,301,314,西南,昆明
3667,何明2024,何明2024_312,566,447,西北,西宁
3668,刘丽2024,刘丽2024_413,218,280,西北,西宁
3669,黄燕,黄燕,773,119,华中,武汉
3670,林明,林明_619,485,126,东北,哈尔滨
3671,朱燕,朱燕,258,337,西南,重庆
3672,马娜,马娜_780,533,662,西北,西宁
3673,吴娜Tech,吴娜Tech,325,492,西北,乌鲁木齐
3674,李霞,李霞,257,490,华北,天津
3675,罗杰,罗杰,285,589,东北,大连
3676,郭勇DISC,郭勇DISC,225,533,华北,天津
3677,王芳,王芳_716,619,296,华中,郑州
3678,高丽DISC,高丽DISC,573,153,华中,南昌
3679,王霞_Pro,王霞_Pro,460,88,华东,济南
3680,刘勇,刘勇,435,412,西南,成都
3681,郭勇,郭勇_876,458,167,华南,珠海
3682,徐军,徐军_168,831,471,东北,哈尔滨
3683,赵燕DISC,赵燕DISC,848,113,华东,合肥
3684,吴芳,吴芳,765,60,西南,成都
3685,杨军,杨军,933,76,西南,贵阳
3686,赵磊Tech,赵磊Tech_560,640,599,华中,武汉
3687,徐静Tech,徐静Tech,267,629,华南,深圳
3688,陈燕,陈燕,629,215,东北,沈阳
3689,朱明,朱明_402,975,375,华东,福州
3690,黄军DISC,黄军DISC,765,268,东北,大连
3691,徐燕,徐燕_576,523,210,西南,贵阳
3692,高芳,高芳,666,773,华中,郑州
3693,孙鹏,孙鹏,837,511,华南,海口
3694,朱伟,朱伟,959,667,西南,重庆
3695,罗霞,罗霞_725,871,495,西北,乌鲁木齐
3696,马娜,马娜,204,398,华中,郑州
3697,朱鹏,朱鹏,284,537,华东,合肥
3698,胡洋,胡洋,356,432,华东,杭州
3699,吴勇,吴勇_458,760,717,华东,上海
3700,林明,林明,902,463,华中,南昌
3701,杨鹏,杨鹏,416,577,华北,天津
3702,马敏,马敏_532,449,591,华中,长沙
3703,马磊,马磊_394,866,332,华中,南昌
3704,胡丽2024,胡丽2024,196,285,东北,大连
3705,李明,李明,876,657,东北,大连
3706,李涛,李涛_730,638,347,华北,呼和浩特
3707,孙芳,孙芳,328,105,东北,沈阳
3708,何霞@AI,何霞@AI,464,471,华北,北京
3709,朱磊,朱磊,255,259,华北,呼和浩特
3710,林峰DISC,林峰DISC,951,735,西北,乌鲁木齐
3711,刘霞,刘霞,951,649,华中,南昌
3712,马军,马军,367,687,华南,海口
3713,孙勇,孙勇,889,721,华东,杭州
3714,马涛@AI,马涛@AI_933,115,629,西北,西宁
3715,孙霞Tech,孙霞Tech,570,695,西南,成都
3716,陈芳,陈芳,146,232,西北,乌鲁木齐
3717,马军,马军_921,728,256,西北,银川
3718,王海,王海,127,515,西南,成都
3719,李芳,李芳,957,464,华东,杭州
3720,徐丽_Pro,徐丽_Pro,875,347,东北,长春
3721,吴明,吴明,649,543,西北,乌鲁木齐
3722,何丽,何丽_903,123,461,西南,成都
3723,李燕,李燕,632,458,西北,银川
3724,黄涛,黄涛,599,227,华东,南京
3725,王军Tech,王军Tech,850,136,华北,呼和浩特
3726,赵辉2024,赵辉2024,850,504,华南,珠海
3727,吴峰,吴峰_635,252,581,华东,杭州
3728,杨娜@AI,杨娜@AI_442,567,99,华南,珠海
3729,张伟2024,张伟2024,483,312,华南,南宁
3730,刘海DISC,刘海DISC,307,666,华南,广州
3731,王勇,王勇,748,663,华东,杭州
3732,高涛,高涛,385,616,华北,石家庄
3733,周涛2024,周涛2024,951,304,华东,福州
3734,朱海,朱海,120,216,西南,贵阳
3735,徐军@AI,徐军@AI,226,151,东北,长春
3736,张静,张静_681,556,487,西南,重庆
3737,朱敏@AI,朱敏@AI,317,89,华南,佛山
3738,吴敏DISC,吴敏DISC,417,430,华中,南昌
3739,罗洋DISC,罗洋DISC_918,394,102,华中,南昌
3740,林伟,林伟_173,839,529,西南,重庆
3741,张燕,张燕_833,730,292,华北,天津
3742,李辉,李辉_550,397,492,西北,西宁
3743,郭涛_Pro,郭涛_Pro,700,717,华南,海口
3744,吴洋2024,吴洋2024,967,473,华东,杭州
3745,林辉DISC,林辉DISC_535,312,528,华中,南昌
3746,孙勇_Pro,孙勇_Pro_682,885,64,西北,乌鲁木齐
3747,李芳,李芳,854,550,华中,郑州
3748,马勇@AI,马勇@AI,166,525,华南,海口
3749,张军Tech,张军Tech_625,336,797,华东,杭州
3750,罗军,罗军_313,848,425,华中,郑州
3751,高辉,高辉,568,204,西南,拉萨
3752,林鹏_Pro,林鹏_Pro_516,481,536,华北,北京
3753,胡芳,胡芳,941,607,华南,南宁
3754,赵霞,赵霞_647,182,676,华东,南京
3755,胡伟Tech,胡伟Tech_125,967,674,东北,大连
3756,杨勇,杨勇,851,765,东北,沈阳
3757,杨伟,杨伟,688,427,华南,深圳
3758,周丽,周丽_461,930,485,华南,广州
3759,吴鹏@AI,吴鹏@AI,919,318,西北,西宁
3760,赵静,赵静,850,251,华北,天津
3761,郭洋@AI,郭洋@AI_521,296,593,华南,佛山
3762,吴丽,吴丽,654,613,华中,长沙
3763,杨伟DISC,杨伟DISC,439,304,华北,太原
3764,王峰,王峰_822,608,93,华南,佛山
3765,罗杰,罗杰_352,127,607,华北,太原
3766,胡杰,胡杰,175,585,西南,拉萨
3767,张静,张静,759,627,西南,成都
3768,罗海,罗海_685,408,630,东北,长春
3769,陈磊,陈磊,280,192,西北,兰州
3770,何芳Tech,何芳Tech,406,326,华东,济南
3771,罗杰,罗杰_714,187,167,西北,兰州
3772,朱伟,朱伟,125,132,西南,贵阳
3773,李丽,李丽_966,922,799,华东,杭州
3774,张辉,张辉,947,140,华南,南宁
3775,马明,马明_125,543,276,西南,贵阳
3776,高强,高强,397,143,西南,拉萨
3777,胡辉,胡辉,876,304,东北,大连
3778,吴伟,吴伟_168,184,498,华中,长沙
3779,吴敏DISC,吴敏DISC,270,110,东北,沈阳
3780,杨燕DISC,杨燕DISC_176,782,495,华南,佛山
3781,赵辉,赵辉_917,703,351,东北,哈尔滨
3782,黄峰,黄峰,718,637,华北,北京
3783,陈杰,陈杰_127,212,229,西南,重庆
3784,李燕DISC,李燕DISC_126,152,318,华北,呼和浩特
3785,林霞,林霞_171,179,480,西北,银川
3786,罗伟,罗伟_174,358,303,华北,呼和浩特
3787,高芳,高芳_407,757,569,西北,西宁
3788,马明DISC,马明DISC,562,556,东北,哈尔滨
3789,黄明DISC,黄明DISC,405,746,西南,贵阳
3790,罗燕,罗燕,771,798,华中,武汉
3791,张伟,张伟_785,204,554,西南,成都
3792,郭鹏,郭鹏,857,691,华东,上海
3793,周明_Pro,周明_Pro_539,505,243,西北,西安
3794,杨敏Tech,杨敏Tech,318,464,西南,重庆
3795,高军2024,高军2024,475,378,华南,广州
3796,赵芳,赵芳,567,463,华南,珠海
3797,吴洋Tech,吴洋Tech,172,760,东北,沈阳
3798,胡丽,胡丽_974,940,454,华东,上海
3799,罗娜,罗娜_273,562,526,华南,南宁
3800,胡磊,胡磊_597,912,371,华南,南宁
3801,李静DISC,李静DISC,633,460,华中,郑州
3802,陈敏,陈敏_699,552,729,东北,沈阳
3803,林伟,林伟_657,655,267,东北,沈阳
3804,赵勇,赵勇_904,827,91,东北,长春
3805,何燕,何燕_441,401,730,东北,沈阳
3806,黄鹏,黄鹏_379,818,155,东北,沈阳
3807,何磊,何磊_921,439,317,西北,西安
3808,赵强Tech,赵强Tech_383,109,108,华中,武汉
3809,张海,张海,144,739,东北,沈阳
3810,高勇,高勇,413,348,西南,成都
3811,朱强,朱强,189,353,华中,郑州
3812,罗洋,罗洋,174,720,东北,大连
3813,杨强Tech,杨强Tech_672,663,261,华南,广州
3814,朱海,朱海,725,586,华中,武汉
3815,孙燕,孙燕_463,723,543,西南,贵阳
3816,杨伟@AI,杨伟@AI_238,678,420,华南,南宁
3817,徐伟,徐伟_109,154,582,华北,太原
3818,黄敏,黄敏_740,437,563,东北,大连
3819,罗静,罗静_550,734,123,华北,太原
3820,黄娜,黄娜_637,314,487,西南,成都
3821,杨明_Pro,杨明_Pro,668,161,西南,拉萨
3822,高敏,高敏,396,338,西北,兰州
3823,罗娜,罗娜,545,168,华中,郑州
3824,张明,张明_183,906,96,华北,石家庄
3825,周明_Pro,周明_Pro_992,425,601,西南,昆明
3826,刘辉,刘辉,802,342,西北,乌鲁木齐
3827,胡娜,胡娜,792,365,华东,福州
3828,杨杰,杨杰,432,331,华中,郑州
3829,朱杰,朱杰,171,585,华中,武汉
3830,李鹏2024,李鹏2024_849,973,574,华南,珠海
3831,张静,张静,940,530,华北,呼和浩特
3832,胡军,胡军_302,566,157,华南,珠海
3833,黄静,黄静_692,720,689,东北,哈尔滨
3834,孙静,孙静,223,374,华东,上海
3835,罗洋,罗洋_616,464,193,华北,北京
3836,杨燕,杨燕,371,295,华中,长沙
3837,陈海DISC,陈海DISC_440,851,762,西北,兰州
3838,高芳,高芳,165,686,华北,北京
3839,高丽Tech,高丽Tech_552,169,501,华南,海口
3840,陈芳,陈芳,928,75,华东,上海
3841,周芳,周芳,925,264,华北,北京
3842,吴军DISC,吴军DISC,495,492,华北,呼和浩特
3843,林勇_Pro,林勇_Pro,950,663,华东,济南
3844,王强,王强_262,151,526,西北,银川
3845,孙磊@AI,孙磊@AI_183,885,89,东北,大连
3846,胡磊2024,胡磊2024,596,114,西南,成都
3847,胡娜_Pro,胡娜_Pro_608,857,434,西北,西安
3848,高娜,高娜,647,630,华东,济南
3849,王丽,王丽,111,130,西南,贵阳
3850,罗洋,罗洋_931,879,226,华东,杭州
3851,杨丽Tech,杨丽Tech,732,408,华东,济南
3852,吴峰,吴峰,250,716,华北,呼和浩特
3853,马明,马明_874,999,591,西北,兰州
3854,朱涛_Pro,朱涛_Pro,998,487,东北,沈阳
3855,李辉DISC,李辉DISC_798,675,141,华中,长沙
3856,李洋,李洋,705,102,东北,长春
3857,孙勇,孙勇_625,431,376,华中,武汉
3858,杨强,杨强_813,737,769,华南,珠海
3859,何燕,何燕_628,102,471,华北,石家庄
3860,罗娜,罗娜,210,78,西北,银川
3861,张磊,张磊_302,490,362,西南,贵阳
3862,何峰_Pro,何峰_Pro,256,466,西南,成都
3863,张涛2024,张涛2024,518,573,华东,南京
3864,赵杰,赵杰,238,160,东北,大连
3865,林敏DISC,林敏DISC_871,104,503,西南,贵阳
3866,黄强,黄强,320,769,西北,乌鲁木齐
3867,郭燕,郭燕,627,424,华东,杭州
3868,胡鹏,胡鹏,828,378,西南,成都
3869,林涛,林涛_897,145,707,西北,兰州
3870,郭海@AI,郭海@AI,200,315,华南,海口
3871,周娜,周娜_781,570,61,西北,兰州
3872,杨燕@AI,杨燕@AI,706,540,华北,天津
3873,周鹏,周鹏_860,828,180,西南,重庆
3874,胡强,胡强_390,188,749,西北,西安
3875,黄丽,黄丽_703,560,492,华中,长沙
3876,朱强,朱强_582,733,648,华北,呼和浩特
3877,刘峰,刘峰_666,853,230,华北,太原
3878,高磊,高磊_594,854,393,华东,济南
3879,赵静,赵静,155,157,华中,郑州
3880,高勇,高勇_927,408,157,西南,昆明
3881,胡辉,胡辉,792,241,华北,石家庄
3882,王娜,王娜_204,313,442,东北,沈阳
3883,赵涛DISC,赵涛DISC_718,993,785,西北,银川
3884,黄霞,黄霞,757,433,华南,深圳
3885,朱鹏@AI,朱鹏@AI,619,405,西南,贵阳
3886,陈杰,陈杰_217,670,462,西南,拉萨
3887,何霞,何霞_713,339,609,华北,天津
3888,张强,张强_269,826,466,华北,石家庄
3889,张明,张明,823,703,华中,郑州
3890,王娜,王娜_548,548,568,华中,武汉
3891,徐静,徐静,786,226,西南,贵阳
3892,黄芳2024,黄芳2024_282,670,252,西北,银川
3893,高燕,高燕,728,270,华东,济南
3894,杨辉Tech,杨辉Tech,941,275,华北,石家庄
3895,徐霞DISC,徐霞DISC_355,676,783,华北,太原
3896,林杰,林杰_784,123,522,华南,海口
3897,胡霞,胡霞,401,240,华东,福州
3898,陈勇,陈勇,667,563,东北,沈阳
3899,高静Tech,高静Tech_611,117,532,西南,重庆
3900,陈燕,陈燕_904,475,671,华中,郑州
3901,吴静2024,吴静2024_739,570,393,华中,武汉
3902,李芳,李芳_395,868,194,西北,兰州
3903,胡强,胡强_849,266,232,东北,哈尔滨
3904,刘军,刘军,596,527,华中,南昌
3905,孙勇2024,孙勇2024_621,163,551,华北,太原
3906,徐军,徐军,169,517,华中,郑州
3907,高明,高明,973,547,华东,合肥
3908,马丽,马丽,118,255,西北,西宁
3909,赵磊_Pro,赵磊_Pro_908,488,251,华北,呼和浩特
3910,林辉_Pro,林辉_Pro_466,671,280,华中,长沙
3911,王勇,王勇,728,527,华中,武汉
3912,罗强,罗强_488,844,559,华中,武汉
3913,陈军,陈军_523,943,51,华南,珠海
3914,孙磊DISC,孙磊DISC_882,289,797,华东,福州
3915,马涛,马涛_605,883,424,华北,太原
3916,何娜,何娜,347,584,华东,济南
3917,朱丽,朱丽,585,426,西南,贵阳
3918,王鹏,王鹏_986,402,377,华北,太原
3919,李辉,李辉,232,189,华东,南京
3920,陈杰Tech,陈杰Tech,990,712,华中,郑州
3921,胡鹏,胡鹏_689,211,682,西北,兰州
3922,郭海2024,郭海2024,787,411,华南,广州
3923,杨娜DISC,杨娜DISC_113,629,556,华北,太原
3924,张涛,张涛,568,67,东北,长春
3925,刘磊,刘磊,128,192,华东,济南
3926,张杰,张杰_117,776,565,东北,大连
3927,张军,张军,112,709,东北,哈尔滨
3928,吴磊,吴磊,655,116,西南,昆明
3929,朱敏,朱敏,336,532,华北,呼和浩特
3930,罗洋,罗洋,756,396,东北,长春
3931,胡涛,胡涛,283,749,华东,杭州
3932,孙明@AI,孙明@AI_834,826,620,华北,石家庄
3933,朱娜,朱娜,542,630,华南,广州
3934,吴明,吴明,556,411,东北,沈阳
3935,高伟@AI,高伟@AI,149,347,华南,深圳
3936,林磊@AI,林磊@AI_327,877,168,西北,乌鲁木齐
3937,陈涛,陈涛_294,775,289,东北,沈阳
3938,孙涛,孙涛,542,777,西北,西安
3939,吴磊,吴磊_542,490,217,华东,济南
3940,黄洋,黄洋_881,956,143,华南,深圳
3941,罗燕,罗燕_102,129,756,华中,长沙
3942,高伟,高伟_577,842,723,西南,成都
3943,罗霞,罗霞_605,105,366,华南,深圳
3944,赵芳,赵芳,270,450,西南,贵阳
3945,高丽2024,高丽2024,476,264,华东,上海
3946,朱勇DISC,朱勇DISC_868,898,490,华北,呼和浩特
3947,郭军,郭军,281,87,西南,重庆
3948,张勇,张勇_979,561,247,华南,珠海
3949,王明,王明,596,320,东北,哈尔滨
3950,徐军,徐军,547,737,华东,合肥
3951,罗娜_Pro,罗娜_Pro_722,703,414,东北,哈尔滨
3952,胡辉2024,胡辉2024,221,696,华南,南宁
3953,马霞,马霞,151,357,华东,福州
3954,张峰@AI,张峰@AI,192,631,华南,南宁
3955,吴磊,吴磊_275,842,258,华中,长沙
3956,张芳,张芳,914,557,华东,南昌
3957,周军,周军,178,762,华东,福州
3958,林涛2024,林涛2024,545,276,华中,长沙
3959,林辉,林辉_158,443,419,华北,呼和浩特
3960,吴娜,吴娜,360,338,西北,乌鲁木齐
3961,何强_Pro,何强_Pro_702,413,781,华北,北京
3962,王杰@AI,王杰@AI,348,502,西北,兰州
3963,徐强2024,徐强2024,365,655,西南,贵阳
3964,李洋_Pro,李洋_Pro,665,750,华东,杭州
3965,赵辉,赵辉_123,529,575,东北,大连
3966,何辉,何辉,989,116,华中,长沙
3967,何敏,何敏_975,441,200,华中,武汉
3968,黄伟,黄伟_623,992,643,华南,佛山
3969,罗军2024,罗军2024,476,722,西北,西安
3970,马强,马强,559,293,华东,福州
3971,李霞,李霞_486,777,439,华南,广州
3972,马辉,马辉,161,558,华北,太原
3973,马丽,马丽_604,826,693,华北,天津
3974,吴燕,吴燕_607,556,250,华北,天津
3975,郭磊,郭磊_545,370,662,华北,石家庄
3976,胡芳Tech,胡芳Tech_474,259,538,华南,广州
3977,郭明,郭明_588,303,710,东北,长春
3978,马杰,马杰_749,685,142,华东,南昌
3979,何杰,何杰,891,263,华东,杭州
3980,高洋@AI,高洋@AI_312,244,647,西北,西宁
3981,罗敏,罗敏,825,569,华南,珠海
3982,周明,周明,437,481,东北,哈尔滨
3983,朱丽,朱丽,931,273,西北,乌鲁木齐
3984,胡伟,胡伟_182,534,334,西北,兰州
3985,李洋,李洋,137,589,西北,西安
3986,何军,何军_570,539,379,东北,大连
3987,李明,李明,583,201,西北,兰州
3988,赵伟,赵伟_482,231,678,西北,西安
3989,吴霞Tech,吴霞Tech_512,767,357,西南,昆明
3990,周涛,周涛,445,377,华南,南宁
3991,胡勇,胡勇_649,324,786,华南,深圳
3992,罗鹏DISC,罗鹏DISC,480,96,西南,成都
3993,刘芳,刘芳_342,514,717,华中,长沙
3994,罗娜,罗娜_403,902,515,华南,深圳
3995,刘娜,刘娜,798,687,西北,银川
3996,李敏,李敏,321,724,东北,沈阳
3997,何鹏,何鹏_115,551,308,华南,佛山
3998,陈霞,陈霞_115,134,368,西南,重庆
3999,吴磊,吴磊_597,207,177,华北,石家庄
4000,朱辉,朱辉_748,750,362,华南,南宁
4001,李鹏,李鹏_719,196,241,华南,广州
4002,赵丽,赵丽,657,535,华南,珠海
4003,刘鹏DISC,刘鹏DISC,173,229,华中,武汉
4004,孙明,孙明_367,895,325,华东,南京
4005,高磊,高磊,635,432,西北,西宁
4006,李磊,李磊_758,202,539,华北,北京
4007,李娜,李娜_979,783,249,华南,珠海
4008,李辉,李辉,952,502,华南,广州
4009,马明_Pro,马明_Pro_978,622,111,西北,西安
4010,朱峰DISC,朱峰DISC,318,593,华中,武汉
4011,陈芳,陈芳_742,189,320,东北,哈尔滨
4012,高磊,高磊,414,403,西北,西安
4013,李涛,李涛,683,586,华北,太原
